instance,n,W,V,method,profit,time,nodes
inst_N10_W100_V100_0.txt,10,100,100,dynamicProg,336,0.012744,N/A
inst_N10_W100_V100_0.txt,10,100,100,backtracking,336,0.000324,1617
inst_N10_W100_V100_0.txt,10,100,100,branchBound,336,0.000010,N/A
inst_N10_W100_V100_1.txt,10,100,100,dynamicProg,498,0.018133,N/A
inst_N10_W100_V100_1.txt,10,100,100,backtracking,498,0.008321,1743
inst_N10_W100_V100_1.txt,10,100,100,branchBound,498,0.000008,N/A
inst_N10_W100_V100_2.txt,10,100,100,dynamicProg,418,0.012968,N/A
inst_N10_W100_V100_2.txt,10,100,100,backtracking,418,0.000289,1427
inst_N10_W100_V100_2.txt,10,100,100,branchBound,418,0.000012,N/A
inst_N10_W100_V100_3.txt,10,100,100,dynamicProg,382,0.020297,N/A
inst_N10_W100_V100_3.txt,10,100,100,backtracking,382,0.000262,1461
inst_N10_W100_V100_3.txt,10,100,100,branchBound,377,0.000010,N/A
inst_N10_W100_V100_4.txt,10,100,100,dynamicProg,501,0.019147,N/A
inst_N10_W100_V100_4.txt,10,100,100,backtracking,501,0.001075,2025
inst_N10_W100_V100_4.txt,10,100,100,branchBound,501,0.000021,N/A
inst_N10_W100_V100_5.txt,10,100,100,dynamicProg,450,0.026361,N/A
inst_N10_W100_V100_5.txt,10,100,100,backtracking,450,0.002411,1583
inst_N10_W100_V100_5.txt,10,100,100,branchBound,450,0.000014,N/A
inst_N10_W100_V100_6.txt,10,100,100,dynamicProg,385,0.015953,N/A
inst_N10_W100_V100_6.txt,10,100,100,backtracking,385,0.000283,1565
inst_N10_W100_V100_6.txt,10,100,100,branchBound,385,0.000003,N/A
inst_N10_W100_V100_7.txt,10,100,100,dynamicProg,484,0.023596,N/A
inst_N10_W100_V100_7.txt,10,100,100,backtracking,484,0.000369,2033
inst_N10_W100_V100_7.txt,10,100,100,branchBound,484,0.000009,N/A
inst_N10_W100_V100_8.txt,10,100,100,dynamicProg,425,0.031550,N/A
inst_N10_W100_V100_8.txt,10,100,100,backtracking,425,0.000281,1675
inst_N10_W100_V100_8.txt,10,100,100,branchBound,425,0.000014,N/A
inst_N10_W100_V100_9.txt,10,100,100,dynamicProg,496,0.016601,N/A
inst_N10_W100_V100_9.txt,10,100,100,backtracking,496,0.000358,1679
inst_N10_W100_V100_9.txt,10,100,100,branchBound,496,0.000013,N/A
inst_N10_W100_V250_0.txt,10,100,250,dynamicProg,470,0.035712,N/A
inst_N10_W100_V250_0.txt,10,100,250,backtracking,470,0.000309,1647
inst_N10_W100_V250_0.txt,10,100,250,branchBound,470,0.000015,N/A
inst_N10_W100_V250_1.txt,10,100,250,dynamicProg,383,0.051645,N/A
inst_N10_W100_V250_1.txt,10,100,250,backtracking,383,0.000327,1735
inst_N10_W100_V250_1.txt,10,100,250,branchBound,383,0.000024,N/A
inst_N10_W100_V250_2.txt,10,100,250,dynamicProg,478,0.054504,N/A
inst_N10_W100_V250_2.txt,10,100,250,backtracking,478,0.000348,1785
inst_N10_W100_V250_2.txt,10,100,250,branchBound,478,0.000017,N/A
inst_N10_W100_V250_3.txt,10,100,250,dynamicProg,334,0.049002,N/A
inst_N10_W100_V250_3.txt,10,100,250,backtracking,334,0.000299,1463
inst_N10_W100_V250_3.txt,10,100,250,branchBound,334,0.000003,N/A
inst_N10_W100_V250_4.txt,10,100,250,dynamicProg,423,0.024752,N/A
inst_N10_W100_V250_4.txt,10,100,250,backtracking,423,0.000289,1421
inst_N10_W100_V250_4.txt,10,100,250,branchBound,422,0.000034,N/A
inst_N10_W100_V250_5.txt,10,100,250,dynamicProg,370,0.072226,N/A
inst_N10_W100_V250_5.txt,10,100,250,backtracking,370,0.000220,1245
inst_N10_W100_V250_5.txt,10,100,250,branchBound,370,0.000011,N/A
inst_N10_W100_V250_6.txt,10,100,250,dynamicProg,439,0.059535,N/A
inst_N10_W100_V250_6.txt,10,100,250,backtracking,439,0.000236,1423
inst_N10_W100_V250_6.txt,10,100,250,branchBound,439,0.000022,N/A
inst_N10_W100_V250_7.txt,10,100,250,dynamicProg,357,0.037229,N/A
inst_N10_W100_V250_7.txt,10,100,250,backtracking,357,0.000343,1873
inst_N10_W100_V250_7.txt,10,100,250,branchBound,357,0.000148,N/A
inst_N10_W100_V250_8.txt,10,100,250,dynamicProg,463,0.048315,N/A
inst_N10_W100_V250_8.txt,10,100,250,backtracking,463,0.000261,1535
inst_N10_W100_V250_8.txt,10,100,250,branchBound,463,0.000006,N/A
inst_N10_W100_V250_9.txt,10,100,250,dynamicProg,372,0.044712,N/A
inst_N10_W100_V250_9.txt,10,100,250,backtracking,372,0.000252,1629
inst_N10_W100_V250_9.txt,10,100,250,branchBound,372,0.000011,N/A
inst_N10_W100_V500_0.txt,10,100,500,dynamicProg,346,0.086957,N/A
inst_N10_W100_V500_0.txt,10,100,500,backtracking,346,0.000217,1591
inst_N10_W100_V500_0.txt,10,100,500,branchBound,346,0.000009,N/A
inst_N10_W100_V500_1.txt,10,100,500,dynamicProg,391,0.051528,N/A
inst_N10_W100_V500_1.txt,10,100,500,backtracking,391,0.000893,1927
inst_N10_W100_V500_1.txt,10,100,500,branchBound,391,0.000026,N/A
inst_N10_W100_V500_2.txt,10,100,500,dynamicProg,469,0.048163,N/A
inst_N10_W100_V500_2.txt,10,100,500,backtracking,469,0.000319,1755
inst_N10_W100_V500_2.txt,10,100,500,branchBound,469,0.000016,N/A
inst_N10_W100_V500_3.txt,10,100,500,dynamicProg,491,0.054275,N/A
inst_N10_W100_V500_3.txt,10,100,500,backtracking,491,0.000303,1875
inst_N10_W100_V500_3.txt,10,100,500,branchBound,491,0.000009,N/A
inst_N10_W100_V500_4.txt,10,100,500,dynamicProg,469,0.049367,N/A
inst_N10_W100_V500_4.txt,10,100,500,backtracking,469,0.000435,1881
inst_N10_W100_V500_4.txt,10,100,500,branchBound,469,0.000011,N/A
inst_N10_W100_V500_5.txt,10,100,500,dynamicProg,399,0.091667,N/A
inst_N10_W100_V500_5.txt,10,100,500,backtracking,399,0.000269,1409
inst_N10_W100_V500_5.txt,10,100,500,branchBound,399,0.000021,N/A
inst_N10_W100_V500_6.txt,10,100,500,dynamicProg,387,0.073003,N/A
inst_N10_W100_V500_6.txt,10,100,500,backtracking,387,0.000413,1527
inst_N10_W100_V500_6.txt,10,100,500,branchBound,383,0.000011,N/A
inst_N10_W100_V500_7.txt,10,100,500,dynamicProg,520,0.039985,N/A
inst_N10_W100_V500_7.txt,10,100,500,backtracking,520,0.000365,1641
inst_N10_W100_V500_7.txt,10,100,500,branchBound,468,0.000009,N/A
inst_N10_W100_V500_8.txt,10,100,500,dynamicProg,300,0.060521,N/A
inst_N10_W100_V500_8.txt,10,100,500,backtracking,300,0.000230,1123
inst_N10_W100_V500_8.txt,10,100,500,branchBound,300,0.000006,N/A
inst_N10_W100_V500_9.txt,10,100,500,dynamicProg,453,0.058172,N/A
inst_N10_W100_V500_9.txt,10,100,500,backtracking,453,0.000398,1611
inst_N10_W100_V500_9.txt,10,100,500,branchBound,453,0.000020,N/A
inst_N10_W250_V100_0.txt,10,250,100,dynamicProg,280,0.049495,N/A
inst_N10_W250_V100_0.txt,10,250,100,backtracking,280,0.000180,953
inst_N10_W250_V100_0.txt,10,250,100,branchBound,280,0.000013,N/A
inst_N10_W250_V100_1.txt,10,250,100,dynamicProg,310,0.104755,N/A
inst_N10_W250_V100_1.txt,10,250,100,backtracking,310,0.000357,1853
inst_N10_W250_V100_1.txt,10,250,100,branchBound,310,0.000237,N/A
inst_N10_W250_V100_2.txt,10,250,100,dynamicProg,269,0.045644,N/A
inst_N10_W250_V100_2.txt,10,250,100,backtracking,269,0.000318,1715
inst_N10_W250_V100_2.txt,10,250,100,branchBound,269,0.000011,N/A
inst_N10_W250_V100_3.txt,10,250,100,dynamicProg,583,0.049958,N/A
inst_N10_W250_V100_3.txt,10,250,100,backtracking,583,0.000339,1941
inst_N10_W250_V100_3.txt,10,250,100,branchBound,583,0.000020,N/A
inst_N10_W250_V100_4.txt,10,250,100,dynamicProg,349,0.036980,N/A
inst_N10_W250_V100_4.txt,10,250,100,backtracking,349,0.000293,1637
inst_N10_W250_V100_4.txt,10,250,100,branchBound,349,0.000009,N/A
inst_N10_W250_V100_5.txt,10,250,100,dynamicProg,388,0.045290,N/A
inst_N10_W250_V100_5.txt,10,250,100,backtracking,388,0.000280,1717
inst_N10_W250_V100_5.txt,10,250,100,branchBound,388,0.000019,N/A
inst_N10_W250_V100_6.txt,10,250,100,dynamicProg,473,0.049725,N/A
inst_N10_W250_V100_6.txt,10,250,100,backtracking,473,0.000322,1821
inst_N10_W250_V100_6.txt,10,250,100,branchBound,473,0.000021,N/A
inst_N10_W250_V100_7.txt,10,250,100,dynamicProg,364,0.032895,N/A
inst_N10_W250_V100_7.txt,10,250,100,backtracking,364,0.000264,1353
inst_N10_W250_V100_7.txt,10,250,100,branchBound,349,0.000007,N/A
inst_N10_W250_V100_8.txt,10,250,100,dynamicProg,376,0.033554,N/A
inst_N10_W250_V100_8.txt,10,250,100,backtracking,376,0.000323,1611
inst_N10_W250_V100_8.txt,10,250,100,branchBound,376,0.000012,N/A
inst_N10_W250_V100_9.txt,10,250,100,dynamicProg,357,0.032454,N/A
inst_N10_W250_V100_9.txt,10,250,100,backtracking,357,0.000293,1297
inst_N10_W250_V100_9.txt,10,250,100,branchBound,357,0.000022,N/A
inst_N10_W250_V250_0.txt,10,250,250,dynamicProg,438,0.100197,N/A
inst_N10_W250_V250_0.txt,10,250,250,backtracking,438,0.000391,1779
inst_N10_W250_V250_0.txt,10,250,250,branchBound,438,0.000018,N/A
inst_N10_W250_V250_1.txt,10,250,250,dynamicProg,507,0.101444,N/A
inst_N10_W250_V250_1.txt,10,250,250,backtracking,507,0.000317,1729
inst_N10_W250_V250_1.txt,10,250,250,branchBound,507,0.000010,N/A
inst_N10_W250_V250_2.txt,10,250,250,dynamicProg,430,0.086969,N/A
inst_N10_W250_V250_2.txt,10,250,250,backtracking,430,0.000276,1639
inst_N10_W250_V250_2.txt,10,250,250,branchBound,430,0.000003,N/A
inst_N10_W250_V250_3.txt,10,250,250,dynamicProg,350,0.069729,N/A
inst_N10_W250_V250_3.txt,10,250,250,backtracking,350,0.001954,1373
inst_N10_W250_V250_3.txt,10,250,250,branchBound,350,0.000009,N/A
inst_N10_W250_V250_4.txt,10,250,250,dynamicProg,436,0.077894,N/A
inst_N10_W250_V250_4.txt,10,250,250,backtracking,436,0.000404,1733
inst_N10_W250_V250_4.txt,10,250,250,branchBound,431,0.000016,N/A
inst_N10_W250_V250_5.txt,10,250,250,dynamicProg,228,0.059355,N/A
inst_N10_W250_V250_5.txt,10,250,250,backtracking,228,0.000153,1145
inst_N10_W250_V250_5.txt,10,250,250,branchBound,228,0.000021,N/A
inst_N10_W250_V250_6.txt,10,250,250,dynamicProg,418,0.087172,N/A
inst_N10_W250_V250_6.txt,10,250,250,backtracking,418,0.000466,1735
inst_N10_W250_V250_6.txt,10,250,250,branchBound,418,0.000008,N/A
inst_N10_W250_V250_7.txt,10,250,250,dynamicProg,480,0.087243,N/A
inst_N10_W250_V250_7.txt,10,250,250,backtracking,480,0.000360,1693
inst_N10_W250_V250_7.txt,10,250,250,branchBound,480,0.000019,N/A
inst_N10_W250_V250_8.txt,10,250,250,dynamicProg,321,0.071904,N/A
inst_N10_W250_V250_8.txt,10,250,250,backtracking,321,0.000288,1413
inst_N10_W250_V250_8.txt,10,250,250,branchBound,321,0.000028,N/A
inst_N10_W250_V250_9.txt,10,250,250,dynamicProg,417,0.070472,N/A
inst_N10_W250_V250_9.txt,10,250,250,backtracking,417,0.000229,1099
inst_N10_W250_V250_9.txt,10,250,250,branchBound,417,0.000009,N/A
inst_N10_W250_V500_0.txt,10,250,500,dynamicProg,348,0.117643,N/A
inst_N10_W250_V500_0.txt,10,250,500,backtracking,348,0.000246,1371
inst_N10_W250_V500_0.txt,10,250,500,branchBound,305,0.000004,N/A
inst_N10_W250_V500_1.txt,10,250,500,dynamicProg,446,0.159145,N/A
inst_N10_W250_V500_1.txt,10,250,500,backtracking,446,0.000425,1895
inst_N10_W250_V500_1.txt,10,250,500,branchBound,446,0.000015,N/A
inst_N10_W250_V500_2.txt,10,250,500,dynamicProg,380,0.111128,N/A
inst_N10_W250_V500_2.txt,10,250,500,backtracking,380,0.000213,1571
inst_N10_W250_V500_2.txt,10,250,500,branchBound,380,0.000029,N/A
inst_N10_W250_V500_3.txt,10,250,500,dynamicProg,339,0.134008,N/A
inst_N10_W250_V500_3.txt,10,250,500,backtracking,339,0.000311,1759
inst_N10_W250_V500_3.txt,10,250,500,branchBound,339,0.000015,N/A
inst_N10_W250_V500_4.txt,10,250,500,dynamicProg,471,0.195800,N/A
inst_N10_W250_V500_4.txt,10,250,500,backtracking,471,0.000291,1745
inst_N10_W250_V500_4.txt,10,250,500,branchBound,471,0.000019,N/A
inst_N10_W250_V500_5.txt,10,250,500,dynamicProg,341,0.239645,N/A
inst_N10_W250_V500_5.txt,10,250,500,backtracking,341,0.000347,1739
inst_N10_W250_V500_5.txt,10,250,500,branchBound,341,0.000014,N/A
inst_N10_W250_V500_6.txt,10,250,500,dynamicProg,371,0.179704,N/A
inst_N10_W250_V500_6.txt,10,250,500,backtracking,371,0.000330,1759
inst_N10_W250_V500_6.txt,10,250,500,branchBound,371,0.000003,N/A
inst_N10_W250_V500_7.txt,10,250,500,dynamicProg,404,0.261522,N/A
inst_N10_W250_V500_7.txt,10,250,500,backtracking,404,0.000325,1703
inst_N10_W250_V500_7.txt,10,250,500,branchBound,404,0.000010,N/A
inst_N10_W250_V500_8.txt,10,250,500,dynamicProg,361,0.141262,N/A
inst_N10_W250_V500_8.txt,10,250,500,backtracking,361,0.000488,1679
inst_N10_W250_V500_8.txt,10,250,500,branchBound,361,0.000064,N/A
inst_N10_W250_V500_9.txt,10,250,500,dynamicProg,523,0.124188,N/A
inst_N10_W250_V500_9.txt,10,250,500,backtracking,523,0.000369,1615
inst_N10_W250_V500_9.txt,10,250,500,branchBound,523,0.000004,N/A
inst_N10_W500_V100_0.txt,10,500,100,dynamicProg,447,0.097326,N/A
inst_N10_W500_V100_0.txt,10,500,100,backtracking,447,0.000417,1731
inst_N10_W500_V100_0.txt,10,500,100,branchBound,447,0.000022,N/A
inst_N10_W500_V100_1.txt,10,500,100,dynamicProg,383,0.073128,N/A
inst_N10_W500_V100_1.txt,10,500,100,backtracking,383,0.000294,1533
inst_N10_W500_V100_1.txt,10,500,100,branchBound,383,0.000026,N/A
inst_N10_W500_V100_2.txt,10,500,100,dynamicProg,405,0.057089,N/A
inst_N10_W500_V100_2.txt,10,500,100,backtracking,405,0.000299,1561
inst_N10_W500_V100_2.txt,10,500,100,branchBound,405,0.000006,N/A
inst_N10_W500_V100_3.txt,10,500,100,dynamicProg,506,0.071072,N/A
inst_N10_W500_V100_3.txt,10,500,100,backtracking,506,0.000222,1851
inst_N10_W500_V100_3.txt,10,500,100,branchBound,506,0.000027,N/A
inst_N10_W500_V100_4.txt,10,500,100,dynamicProg,297,0.053818,N/A
inst_N10_W500_V100_4.txt,10,500,100,backtracking,297,0.000341,1533
inst_N10_W500_V100_4.txt,10,500,100,branchBound,297,0.000044,N/A
inst_N10_W500_V100_5.txt,10,500,100,dynamicProg,498,0.060393,N/A
inst_N10_W500_V100_5.txt,10,500,100,backtracking,498,0.000192,1581
inst_N10_W500_V100_5.txt,10,500,100,branchBound,498,0.000012,N/A
inst_N10_W500_V100_6.txt,10,500,100,dynamicProg,348,0.081877,N/A
inst_N10_W500_V100_6.txt,10,500,100,backtracking,348,0.000334,1691
inst_N10_W500_V100_6.txt,10,500,100,branchBound,348,0.000025,N/A
inst_N10_W500_V100_7.txt,10,500,100,dynamicProg,328,0.059599,N/A
inst_N10_W500_V100_7.txt,10,500,100,backtracking,328,0.000394,1167
inst_N10_W500_V100_7.txt,10,500,100,branchBound,328,0.000018,N/A
inst_N10_W500_V100_8.txt,10,500,100,dynamicProg,344,0.066121,N/A
inst_N10_W500_V100_8.txt,10,500,100,backtracking,344,0.000288,1207
inst_N10_W500_V100_8.txt,10,500,100,branchBound,344,0.000020,N/A
inst_N10_W500_V100_9.txt,10,500,100,dynamicProg,364,0.078811,N/A
inst_N10_W500_V100_9.txt,10,500,100,backtracking,364,0.002879,1621
inst_N10_W500_V100_9.txt,10,500,100,branchBound,364,0.000014,N/A
inst_N10_W500_V250_0.txt,10,500,250,dynamicProg,466,0.163290,N/A
inst_N10_W500_V250_0.txt,10,500,250,backtracking,466,0.000362,2005
inst_N10_W500_V250_0.txt,10,500,250,branchBound,466,0.000014,N/A
inst_N10_W500_V250_1.txt,10,500,250,dynamicProg,337,0.149204,N/A
inst_N10_W500_V250_1.txt,10,500,250,backtracking,337,0.000192,1517
inst_N10_W500_V250_1.txt,10,500,250,branchBound,337,0.000013,N/A
inst_N10_W500_V250_2.txt,10,500,250,dynamicProg,531,0.167599,N/A
inst_N10_W500_V250_2.txt,10,500,250,backtracking,531,0.000788,1889
inst_N10_W500_V250_2.txt,10,500,250,branchBound,518,0.000003,N/A
inst_N10_W500_V250_3.txt,10,500,250,dynamicProg,391,0.135746,N/A
inst_N10_W500_V250_3.txt,10,500,250,backtracking,391,0.000381,1335
inst_N10_W500_V250_3.txt,10,500,250,branchBound,362,0.000003,N/A
inst_N10_W500_V250_4.txt,10,500,250,dynamicProg,375,0.133319,N/A
inst_N10_W500_V250_4.txt,10,500,250,backtracking,375,0.000256,1261
inst_N10_W500_V250_4.txt,10,500,250,branchBound,375,0.000009,N/A
inst_N10_W500_V250_5.txt,10,500,250,dynamicProg,431,0.151475,N/A
inst_N10_W500_V250_5.txt,10,500,250,backtracking,431,0.000263,1543
inst_N10_W500_V250_5.txt,10,500,250,branchBound,431,0.000007,N/A
inst_N10_W500_V250_6.txt,10,500,250,dynamicProg,484,0.167434,N/A
inst_N10_W500_V250_6.txt,10,500,250,backtracking,484,0.000377,2001
inst_N10_W500_V250_6.txt,10,500,250,branchBound,484,0.000035,N/A
inst_N10_W500_V250_7.txt,10,500,250,dynamicProg,512,0.174883,N/A
inst_N10_W500_V250_7.txt,10,500,250,backtracking,512,0.000374,1855
inst_N10_W500_V250_7.txt,10,500,250,branchBound,512,0.000018,N/A
inst_N10_W500_V250_8.txt,10,500,250,dynamicProg,489,0.174650,N/A
inst_N10_W500_V250_8.txt,10,500,250,backtracking,489,0.000323,1663
inst_N10_W500_V250_8.txt,10,500,250,branchBound,489,0.000002,N/A
inst_N10_W500_V250_9.txt,10,500,250,dynamicProg,333,0.140667,N/A
inst_N10_W500_V250_9.txt,10,500,250,backtracking,333,0.000343,1425
inst_N10_W500_V250_9.txt,10,500,250,branchBound,333,0.000023,N/A
inst_N10_W500_V500_0.txt,10,500,500,dynamicProg,417,0.340281,N/A
inst_N10_W500_V500_0.txt,10,500,500,backtracking,417,0.000324,1453
inst_N10_W500_V500_0.txt,10,500,500,branchBound,417,0.000025,N/A
inst_N10_W500_V500_1.txt,10,500,500,dynamicProg,398,0.247015,N/A
inst_N10_W500_V500_1.txt,10,500,500,backtracking,398,0.000353,1691
inst_N10_W500_V500_1.txt,10,500,500,branchBound,398,0.000025,N/A
inst_N10_W500_V500_2.txt,10,500,500,dynamicProg,458,0.303348,N/A
inst_N10_W500_V500_2.txt,10,500,500,backtracking,458,0.000311,2001
inst_N10_W500_V500_2.txt,10,500,500,branchBound,458,0.000013,N/A
inst_N10_W500_V500_3.txt,10,500,500,dynamicProg,362,0.271215,N/A
inst_N10_W500_V500_3.txt,10,500,500,backtracking,362,0.000335,1833
inst_N10_W500_V500_3.txt,10,500,500,branchBound,362,0.000017,N/A
inst_N10_W500_V500_4.txt,10,500,500,dynamicProg,316,0.214542,N/A
inst_N10_W500_V500_4.txt,10,500,500,backtracking,316,0.000240,1145
inst_N10_W500_V500_4.txt,10,500,500,branchBound,316,0.000014,N/A
inst_N10_W500_V500_5.txt,10,500,500,dynamicProg,418,0.801289,N/A
inst_N10_W500_V500_5.txt,10,500,500,backtracking,418,0.000416,1921
inst_N10_W500_V500_5.txt,10,500,500,branchBound,418,0.000010,N/A
inst_N10_W500_V500_6.txt,10,500,500,dynamicProg,464,0.431381,N/A
inst_N10_W500_V500_6.txt,10,500,500,backtracking,464,0.001111,1769
inst_N10_W500_V500_6.txt,10,500,500,branchBound,464,0.000010,N/A
inst_N10_W500_V500_7.txt,10,500,500,dynamicProg,368,0.528570,N/A
inst_N10_W500_V500_7.txt,10,500,500,backtracking,368,0.000369,1823
inst_N10_W500_V500_7.txt,10,500,500,branchBound,368,0.000020,N/A
inst_N10_W500_V500_8.txt,10,500,500,dynamicProg,514,0.548883,N/A
inst_N10_W500_V500_8.txt,10,500,500,backtracking,514,0.000361,1901
inst_N10_W500_V500_8.txt,10,500,500,branchBound,514,0.000033,N/A
inst_N10_W500_V500_9.txt,10,500,500,dynamicProg,550,0.365218,N/A
inst_N10_W500_V500_9.txt,10,500,500,backtracking,550,0.000506,1879
inst_N10_W500_V500_9.txt,10,500,500,branchBound,541,0.000005,N/A
inst_N15_W100_V100_0.txt,15,100,100,dynamicProg,663,0.049298,N/A
inst_N15_W100_V100_0.txt,15,100,100,backtracking,663,0.010905,41535
inst_N15_W100_V100_0.txt,15,100,100,branchBound,663,0.000004,N/A
inst_N15_W100_V100_1.txt,15,100,100,dynamicProg,519,0.052194,N/A
inst_N15_W100_V100_1.txt,15,100,100,backtracking,519,0.005722,29025
inst_N15_W100_V100_1.txt,15,100,100,branchBound,519,0.000024,N/A
inst_N15_W100_V100_2.txt,15,100,100,dynamicProg,581,0.034589,N/A
inst_N15_W100_V100_2.txt,15,100,100,backtracking,581,0.008878,44175
inst_N15_W100_V100_2.txt,15,100,100,branchBound,581,0.000027,N/A
inst_N15_W100_V100_3.txt,15,100,100,dynamicProg,565,0.021989,N/A
inst_N15_W100_V100_3.txt,15,100,100,backtracking,565,0.005395,28377
inst_N15_W100_V100_3.txt,15,100,100,branchBound,565,0.000023,N/A
inst_N15_W100_V100_4.txt,15,100,100,dynamicProg,518,0.021343,N/A
inst_N15_W100_V100_4.txt,15,100,100,backtracking,518,0.008567,44125
inst_N15_W100_V100_4.txt,15,100,100,branchBound,518,0.000029,N/A
inst_N15_W100_V100_5.txt,15,100,100,dynamicProg,616,0.026668,N/A
inst_N15_W100_V100_5.txt,15,100,100,backtracking,616,0.010190,49537
inst_N15_W100_V100_5.txt,15,100,100,branchBound,616,0.000041,N/A
inst_N15_W100_V100_6.txt,15,100,100,dynamicProg,544,0.022663,N/A
inst_N15_W100_V100_6.txt,15,100,100,backtracking,544,0.014574,35297
inst_N15_W100_V100_6.txt,15,100,100,branchBound,544,0.000018,N/A
inst_N15_W100_V100_7.txt,15,100,100,dynamicProg,661,0.070896,N/A
inst_N15_W100_V100_7.txt,15,100,100,backtracking,661,0.017463,47465
inst_N15_W100_V100_7.txt,15,100,100,branchBound,661,0.000022,N/A
inst_N15_W100_V100_8.txt,15,100,100,dynamicProg,510,0.034830,N/A
inst_N15_W100_V100_8.txt,15,100,100,backtracking,510,0.007873,44413
inst_N15_W100_V100_8.txt,15,100,100,branchBound,510,0.000022,N/A
inst_N15_W100_V100_9.txt,15,100,100,dynamicProg,491,0.029047,N/A
inst_N15_W100_V100_9.txt,15,100,100,backtracking,491,0.008969,26479
inst_N15_W100_V100_9.txt,15,100,100,branchBound,459,0.000004,N/A
inst_N15_W100_V250_0.txt,15,100,250,dynamicProg,505,0.065938,N/A
inst_N15_W100_V250_0.txt,15,100,250,backtracking,505,0.014787,34731
inst_N15_W100_V250_0.txt,15,100,250,branchBound,504,0.000035,N/A
inst_N15_W100_V250_1.txt,15,100,250,dynamicProg,538,0.063562,N/A
inst_N15_W100_V250_1.txt,15,100,250,backtracking,538,0.008752,50593
inst_N15_W100_V250_1.txt,15,100,250,branchBound,511,0.000004,N/A
inst_N15_W100_V250_2.txt,15,100,250,dynamicProg,527,0.076975,N/A
inst_N15_W100_V250_2.txt,15,100,250,backtracking,527,0.013440,39275
inst_N15_W100_V250_2.txt,15,100,250,branchBound,527,0.000018,N/A
inst_N15_W100_V250_3.txt,15,100,250,dynamicProg,748,0.077029,N/A
inst_N15_W100_V250_3.txt,15,100,250,backtracking,748,0.009799,38115
inst_N15_W100_V250_3.txt,15,100,250,branchBound,748,0.000016,N/A
inst_N15_W100_V250_4.txt,15,100,250,dynamicProg,539,0.057493,N/A
inst_N15_W100_V250_4.txt,15,100,250,backtracking,539,0.015834,36469
inst_N15_W100_V250_4.txt,15,100,250,branchBound,539,0.000028,N/A
inst_N15_W100_V250_5.txt,15,100,250,dynamicProg,500,0.065917,N/A
inst_N15_W100_V250_5.txt,15,100,250,backtracking,500,0.009079,33425
inst_N15_W100_V250_5.txt,15,100,250,branchBound,451,0.000004,N/A
inst_N15_W100_V250_6.txt,15,100,250,dynamicProg,619,0.045872,N/A
inst_N15_W100_V250_6.txt,15,100,250,backtracking,619,0.006126,36259
inst_N15_W100_V250_6.txt,15,100,250,branchBound,619,0.000012,N/A
inst_N15_W100_V250_7.txt,15,100,250,dynamicProg,643,0.054573,N/A
inst_N15_W100_V250_7.txt,15,100,250,backtracking,643,0.017755,49857
inst_N15_W100_V250_7.txt,15,100,250,branchBound,643,0.000004,N/A
inst_N15_W100_V250_8.txt,15,100,250,dynamicProg,492,0.052232,N/A
inst_N15_W100_V250_8.txt,15,100,250,backtracking,492,0.017066,37611
inst_N15_W100_V250_8.txt,15,100,250,branchBound,439,0.000004,N/A
inst_N15_W100_V250_9.txt,15,100,250,dynamicProg,723,0.048570,N/A
inst_N15_W100_V250_9.txt,15,100,250,backtracking,723,0.007108,39555
inst_N15_W100_V250_9.txt,15,100,250,branchBound,720,0.000021,N/A
inst_N15_W100_V500_0.txt,15,100,500,dynamicProg,490,0.115163,N/A
inst_N15_W100_V500_0.txt,15,100,500,backtracking,490,0.005687,29237
inst_N15_W100_V500_0.txt,15,100,500,branchBound,490,0.000016,N/A
inst_N15_W100_V500_1.txt,15,100,500,dynamicProg,594,0.090766,N/A
inst_N15_W100_V500_1.txt,15,100,500,backtracking,594,0.030500,43265
inst_N15_W100_V500_1.txt,15,100,500,branchBound,512,0.000004,N/A
inst_N15_W100_V500_2.txt,15,100,500,dynamicProg,607,0.073692,N/A
inst_N15_W100_V500_2.txt,15,100,500,backtracking,607,0.006110,35745
inst_N15_W100_V500_2.txt,15,100,500,branchBound,594,0.000011,N/A
inst_N15_W100_V500_3.txt,15,100,500,dynamicProg,584,0.095257,N/A
inst_N15_W100_V500_3.txt,15,100,500,backtracking,584,0.009268,45199
inst_N15_W100_V500_3.txt,15,100,500,branchBound,584,0.000014,N/A
inst_N15_W100_V500_4.txt,15,100,500,dynamicProg,619,0.092411,N/A
inst_N15_W100_V500_4.txt,15,100,500,backtracking,619,0.010249,61163
inst_N15_W100_V500_4.txt,15,100,500,branchBound,619,0.000072,N/A
inst_N15_W100_V500_5.txt,15,100,500,dynamicProg,692,0.095617,N/A
inst_N15_W100_V500_5.txt,15,100,500,backtracking,692,0.008394,42541
inst_N15_W100_V500_5.txt,15,100,500,branchBound,692,0.000039,N/A
inst_N15_W100_V500_6.txt,15,100,500,dynamicProg,562,0.085632,N/A
inst_N15_W100_V500_6.txt,15,100,500,backtracking,562,0.006739,39199
inst_N15_W100_V500_6.txt,15,100,500,branchBound,541,0.000039,N/A
inst_N15_W100_V500_7.txt,15,100,500,dynamicProg,616,0.081595,N/A
inst_N15_W100_V500_7.txt,15,100,500,backtracking,616,0.006005,33387
inst_N15_W100_V500_7.txt,15,100,500,branchBound,616,0.000027,N/A
inst_N15_W100_V500_8.txt,15,100,500,dynamicProg,592,0.077878,N/A
inst_N15_W100_V500_8.txt,15,100,500,backtracking,592,0.008691,43619
inst_N15_W100_V500_8.txt,15,100,500,branchBound,592,0.000027,N/A
inst_N15_W100_V500_9.txt,15,100,500,dynamicProg,692,0.089601,N/A
inst_N15_W100_V500_9.txt,15,100,500,backtracking,692,0.008250,43763
inst_N15_W100_V500_9.txt,15,100,500,branchBound,636,0.000019,N/A
inst_N15_W250_V100_0.txt,15,250,100,dynamicProg,454,0.232778,N/A
inst_N15_W250_V100_0.txt,15,250,100,backtracking,454,0.005210,28183
inst_N15_W250_V100_0.txt,15,250,100,branchBound,408,0.000005,N/A
inst_N15_W250_V100_1.txt,15,250,100,dynamicProg,557,0.074840,N/A
inst_N15_W250_V100_1.txt,15,250,100,backtracking,557,0.015644,43399
inst_N15_W250_V100_1.txt,15,250,100,branchBound,557,0.000036,N/A
inst_N15_W250_V100_2.txt,15,250,100,dynamicProg,454,0.061245,N/A
inst_N15_W250_V100_2.txt,15,250,100,backtracking,454,0.007315,35363
inst_N15_W250_V100_2.txt,15,250,100,branchBound,454,0.000013,N/A
inst_N15_W250_V100_3.txt,15,250,100,dynamicProg,556,0.059711,N/A
inst_N15_W250_V100_3.txt,15,250,100,backtracking,556,0.004437,26321
inst_N15_W250_V100_3.txt,15,250,100,branchBound,528,0.000004,N/A
inst_N15_W250_V100_4.txt,15,250,100,dynamicProg,519,0.049623,N/A
inst_N15_W250_V100_4.txt,15,250,100,backtracking,519,0.006498,35049
inst_N15_W250_V100_4.txt,15,250,100,branchBound,515,0.000029,N/A
inst_N15_W250_V100_5.txt,15,250,100,dynamicProg,631,0.090847,N/A
inst_N15_W250_V100_5.txt,15,250,100,backtracking,631,0.008844,54339
inst_N15_W250_V100_5.txt,15,250,100,branchBound,631,0.000018,N/A
inst_N15_W250_V100_6.txt,15,250,100,dynamicProg,629,0.064667,N/A
inst_N15_W250_V100_6.txt,15,250,100,backtracking,629,0.015507,61119
inst_N15_W250_V100_6.txt,15,250,100,branchBound,629,0.000005,N/A
inst_N15_W250_V100_7.txt,15,250,100,dynamicProg,585,0.075950,N/A
inst_N15_W250_V100_7.txt,15,250,100,backtracking,585,0.014403,51811
inst_N15_W250_V100_7.txt,15,250,100,branchBound,585,0.000025,N/A
inst_N15_W250_V100_8.txt,15,250,100,dynamicProg,620,0.069699,N/A
inst_N15_W250_V100_8.txt,15,250,100,backtracking,620,0.009123,58011
inst_N15_W250_V100_8.txt,15,250,100,branchBound,620,0.000018,N/A
inst_N15_W250_V100_9.txt,15,250,100,dynamicProg,480,0.073251,N/A
inst_N15_W250_V100_9.txt,15,250,100,backtracking,480,0.008477,44389
inst_N15_W250_V100_9.txt,15,250,100,branchBound,480,0.000004,N/A
inst_N15_W250_V250_0.txt,15,250,250,dynamicProg,520,0.225719,N/A
inst_N15_W250_V250_0.txt,15,250,250,backtracking,520,0.015133,39281
inst_N15_W250_V250_0.txt,15,250,250,branchBound,520,0.000004,N/A
inst_N15_W250_V250_1.txt,15,250,250,dynamicProg,416,0.133314,N/A
inst_N15_W250_V250_1.txt,15,250,250,backtracking,416,0.010040,35995
inst_N15_W250_V250_1.txt,15,250,250,branchBound,416,0.000027,N/A
inst_N15_W250_V250_2.txt,15,250,250,dynamicProg,694,0.138484,N/A
inst_N15_W250_V250_2.txt,15,250,250,backtracking,694,0.007104,39195
inst_N15_W250_V250_2.txt,15,250,250,branchBound,694,0.000025,N/A
inst_N15_W250_V250_3.txt,15,250,250,dynamicProg,532,0.177726,N/A
inst_N15_W250_V250_3.txt,15,250,250,backtracking,532,0.024946,58853
inst_N15_W250_V250_3.txt,15,250,250,branchBound,532,0.000021,N/A
inst_N15_W250_V250_4.txt,15,250,250,dynamicProg,677,0.124270,N/A
inst_N15_W250_V250_4.txt,15,250,250,backtracking,677,0.011486,38915
inst_N15_W250_V250_4.txt,15,250,250,branchBound,677,0.000010,N/A
inst_N15_W250_V250_5.txt,15,250,250,dynamicProg,543,0.307868,N/A
inst_N15_W250_V250_5.txt,15,250,250,backtracking,543,0.007637,38553
inst_N15_W250_V250_5.txt,15,250,250,branchBound,543,0.000019,N/A
inst_N15_W250_V250_6.txt,15,250,250,dynamicProg,511,0.145121,N/A
inst_N15_W250_V250_6.txt,15,250,250,backtracking,511,0.007252,38021
inst_N15_W250_V250_6.txt,15,250,250,branchBound,511,0.000036,N/A
inst_N15_W250_V250_7.txt,15,250,250,dynamicProg,545,0.145804,N/A
inst_N15_W250_V250_7.txt,15,250,250,backtracking,545,0.006398,38639
inst_N15_W250_V250_7.txt,15,250,250,branchBound,545,0.000020,N/A
inst_N15_W250_V250_8.txt,15,250,250,dynamicProg,541,0.127336,N/A
inst_N15_W250_V250_8.txt,15,250,250,backtracking,541,0.005917,30027
inst_N15_W250_V250_8.txt,15,250,250,branchBound,541,0.000014,N/A
inst_N15_W250_V250_9.txt,15,250,250,dynamicProg,477,0.114746,N/A
inst_N15_W250_V250_9.txt,15,250,250,backtracking,477,0.007317,24675
inst_N15_W250_V250_9.txt,15,250,250,branchBound,477,0.000032,N/A
inst_N15_W250_V500_0.txt,15,250,500,dynamicProg,690,0.224166,N/A
inst_N15_W250_V500_0.txt,15,250,500,backtracking,690,0.007350,42985
inst_N15_W250_V500_0.txt,15,250,500,branchBound,690,0.000010,N/A
inst_N15_W250_V500_1.txt,15,250,500,dynamicProg,606,0.269352,N/A
inst_N15_W250_V500_1.txt,15,250,500,backtracking,606,0.017502,43649
inst_N15_W250_V500_1.txt,15,250,500,branchBound,606,0.000017,N/A
inst_N15_W250_V500_2.txt,15,250,500,dynamicProg,584,0.209874,N/A
inst_N15_W250_V500_2.txt,15,250,500,backtracking,584,0.005680,31975
inst_N15_W250_V500_2.txt,15,250,500,branchBound,584,0.000025,N/A
inst_N15_W250_V500_3.txt,15,250,500,dynamicProg,489,0.217225,N/A
inst_N15_W250_V500_3.txt,15,250,500,backtracking,489,0.008521,40891
inst_N15_W250_V500_3.txt,15,250,500,branchBound,489,0.000021,N/A
inst_N15_W250_V500_4.txt,15,250,500,dynamicProg,596,0.281767,N/A
inst_N15_W250_V500_4.txt,15,250,500,backtracking,596,0.006392,34515
inst_N15_W250_V500_4.txt,15,250,500,branchBound,596,0.000020,N/A
inst_N15_W250_V500_5.txt,15,250,500,dynamicProg,481,0.291487,N/A
inst_N15_W250_V500_5.txt,15,250,500,backtracking,481,0.006493,42003
inst_N15_W250_V500_5.txt,15,250,500,branchBound,474,0.000004,N/A
inst_N15_W250_V500_6.txt,15,250,500,dynamicProg,565,0.326814,N/A
inst_N15_W250_V500_6.txt,15,250,500,backtracking,565,0.009917,54323
inst_N15_W250_V500_6.txt,15,250,500,branchBound,551,0.000037,N/A
inst_N15_W250_V500_7.txt,15,250,500,dynamicProg,589,0.452927,N/A
inst_N15_W250_V500_7.txt,15,250,500,backtracking,589,0.009498,51435
inst_N15_W250_V500_7.txt,15,250,500,branchBound,589,0.000019,N/A
inst_N15_W250_V500_8.txt,15,250,500,dynamicProg,535,0.248261,N/A
inst_N15_W250_V500_8.txt,15,250,500,backtracking,535,0.008393,37645
inst_N15_W250_V500_8.txt,15,250,500,branchBound,535,0.000017,N/A
inst_N15_W250_V500_9.txt,15,250,500,dynamicProg,564,0.241956,N/A
inst_N15_W250_V500_9.txt,15,250,500,backtracking,564,0.006076,30569
inst_N15_W250_V500_9.txt,15,250,500,branchBound,564,0.000005,N/A
inst_N15_W500_V100_0.txt,15,500,100,dynamicProg,481,0.130123,N/A
inst_N15_W500_V100_0.txt,15,500,100,backtracking,481,0.006579,38173
inst_N15_W500_V100_0.txt,15,500,100,branchBound,437,0.000004,N/A
inst_N15_W500_V100_1.txt,15,500,100,dynamicProg,443,0.128674,N/A
inst_N15_W500_V100_1.txt,15,500,100,backtracking,443,0.019887,45289
inst_N15_W500_V100_1.txt,15,500,100,branchBound,426,0.000004,N/A
inst_N15_W500_V100_2.txt,15,500,100,dynamicProg,538,0.113175,N/A
inst_N15_W500_V100_2.txt,15,500,100,backtracking,538,0.008772,37855
inst_N15_W500_V100_2.txt,15,500,100,branchBound,538,0.000018,N/A
inst_N15_W500_V100_3.txt,15,500,100,dynamicProg,515,0.123569,N/A
inst_N15_W500_V100_3.txt,15,500,100,backtracking,515,0.010290,38237
inst_N15_W500_V100_3.txt,15,500,100,branchBound,515,0.000028,N/A
inst_N15_W500_V100_4.txt,15,500,100,dynamicProg,646,0.113666,N/A
inst_N15_W500_V100_4.txt,15,500,100,backtracking,646,0.006294,32901
inst_N15_W500_V100_4.txt,15,500,100,branchBound,635,0.000009,N/A
inst_N15_W500_V100_5.txt,15,500,100,dynamicProg,608,0.129239,N/A
inst_N15_W500_V100_5.txt,15,500,100,backtracking,608,0.007235,46411
inst_N15_W500_V100_5.txt,15,500,100,branchBound,570,0.000004,N/A
inst_N15_W500_V100_6.txt,15,500,100,dynamicProg,598,0.118900,N/A
inst_N15_W500_V100_6.txt,15,500,100,backtracking,598,0.007212,39063
inst_N15_W500_V100_6.txt,15,500,100,branchBound,550,0.000007,N/A
inst_N15_W500_V100_7.txt,15,500,100,dynamicProg,566,0.149614,N/A
inst_N15_W500_V100_7.txt,15,500,100,backtracking,566,0.005705,30025
inst_N15_W500_V100_7.txt,15,500,100,branchBound,566,0.000014,N/A
inst_N15_W500_V100_8.txt,15,500,100,dynamicProg,470,0.172461,N/A
inst_N15_W500_V100_8.txt,15,500,100,backtracking,470,0.007105,50449
inst_N15_W500_V100_8.txt,15,500,100,branchBound,470,0.000027,N/A
inst_N15_W500_V100_9.txt,15,500,100,dynamicProg,632,0.117585,N/A
inst_N15_W500_V100_9.txt,15,500,100,backtracking,632,0.006966,40431
inst_N15_W500_V100_9.txt,15,500,100,branchBound,632,0.000005,N/A
inst_N15_W500_V250_0.txt,15,500,250,dynamicProg,544,0.353923,N/A
inst_N15_W500_V250_0.txt,15,500,250,backtracking,544,0.007837,47349
inst_N15_W500_V250_0.txt,15,500,250,branchBound,510,0.000005,N/A
inst_N15_W500_V250_1.txt,15,500,250,dynamicProg,641,0.315489,N/A
inst_N15_W500_V250_1.txt,15,500,250,backtracking,641,0.009511,51177
inst_N15_W500_V250_1.txt,15,500,250,branchBound,634,0.000013,N/A
inst_N15_W500_V250_2.txt,15,500,250,dynamicProg,521,0.291985,N/A
inst_N15_W500_V250_2.txt,15,500,250,backtracking,521,0.008938,53563
inst_N15_W500_V250_2.txt,15,500,250,branchBound,507,0.000032,N/A
inst_N15_W500_V250_3.txt,15,500,250,dynamicProg,741,0.346170,N/A
inst_N15_W500_V250_3.txt,15,500,250,backtracking,741,0.009286,56407
inst_N15_W500_V250_3.txt,15,500,250,branchBound,741,0.000004,N/A
inst_N15_W500_V250_4.txt,15,500,250,dynamicProg,613,0.308625,N/A
inst_N15_W500_V250_4.txt,15,500,250,backtracking,613,0.007509,39661
inst_N15_W500_V250_4.txt,15,500,250,branchBound,603,0.000030,N/A
inst_N15_W500_V250_5.txt,15,500,250,dynamicProg,457,0.308653,N/A
inst_N15_W500_V250_5.txt,15,500,250,backtracking,457,0.005144,29639
inst_N15_W500_V250_5.txt,15,500,250,branchBound,420,0.000019,N/A
inst_N15_W500_V250_6.txt,15,500,250,dynamicProg,640,0.348153,N/A
inst_N15_W500_V250_6.txt,15,500,250,backtracking,640,0.016589,40019
inst_N15_W500_V250_6.txt,15,500,250,branchBound,631,0.000005,N/A
inst_N15_W500_V250_7.txt,15,500,250,dynamicProg,484,0.255457,N/A
inst_N15_W500_V250_7.txt,15,500,250,backtracking,484,0.012884,36655
inst_N15_W500_V250_7.txt,15,500,250,branchBound,425,0.000004,N/A
inst_N15_W500_V250_8.txt,15,500,250,dynamicProg,527,0.316711,N/A
inst_N15_W500_V250_8.txt,15,500,250,backtracking,527,0.011583,25881
inst_N15_W500_V250_8.txt,15,500,250,branchBound,519,0.000013,N/A
inst_N15_W500_V250_9.txt,15,500,250,dynamicProg,511,0.364781,N/A
inst_N15_W500_V250_9.txt,15,500,250,backtracking,511,0.009012,34507
inst_N15_W500_V250_9.txt,15,500,250,branchBound,511,0.000004,N/A
inst_N15_W500_V500_0.txt,15,500,500,dynamicProg,555,0.642602,N/A
inst_N15_W500_V500_0.txt,15,500,500,backtracking,555,0.032581,57975
inst_N15_W500_V500_0.txt,15,500,500,branchBound,555,0.000004,N/A
inst_N15_W500_V500_1.txt,15,500,500,dynamicProg,532,0.618079,N/A
inst_N15_W500_V500_1.txt,15,500,500,backtracking,532,0.006873,34621
inst_N15_W500_V500_1.txt,15,500,500,branchBound,532,0.000019,N/A
inst_N15_W500_V500_2.txt,15,500,500,dynamicProg,693,0.581482,N/A
inst_N15_W500_V500_2.txt,15,500,500,backtracking,693,0.009777,57963
inst_N15_W500_V500_2.txt,15,500,500,branchBound,693,0.000022,N/A
inst_N15_W500_V500_3.txt,15,500,500,dynamicProg,523,0.502761,N/A
inst_N15_W500_V500_3.txt,15,500,500,backtracking,523,0.015210,27431
inst_N15_W500_V500_3.txt,15,500,500,branchBound,523,0.000014,N/A
inst_N15_W500_V500_4.txt,15,500,500,dynamicProg,500,0.492720,N/A
inst_N15_W500_V500_4.txt,15,500,500,backtracking,500,0.008423,41521
inst_N15_W500_V500_4.txt,15,500,500,branchBound,495,0.000038,N/A
inst_N15_W500_V500_5.txt,15,500,500,dynamicProg,636,0.462288,N/A
inst_N15_W500_V500_5.txt,15,500,500,backtracking,636,0.010195,52609
inst_N15_W500_V500_5.txt,15,500,500,branchBound,632,0.000004,N/A
inst_N15_W500_V500_6.txt,15,500,500,dynamicProg,484,0.436896,N/A
inst_N15_W500_V500_6.txt,15,500,500,backtracking,484,0.008957,32847
inst_N15_W500_V500_6.txt,15,500,500,branchBound,484,0.000019,N/A
inst_N15_W500_V500_7.txt,15,500,500,dynamicProg,552,0.435895,N/A
inst_N15_W500_V500_7.txt,15,500,500,backtracking,552,0.006986,39245
inst_N15_W500_V500_7.txt,15,500,500,branchBound,548,0.000014,N/A
inst_N15_W500_V500_8.txt,15,500,500,dynamicProg,540,0.429255,N/A
inst_N15_W500_V500_8.txt,15,500,500,backtracking,540,0.009270,41121
inst_N15_W500_V500_8.txt,15,500,500,branchBound,540,0.000017,N/A
inst_N15_W500_V500_9.txt,15,500,500,dynamicProg,597,0.402059,N/A
inst_N15_W500_V500_9.txt,15,500,500,backtracking,597,0.007536,49551
inst_N15_W500_V500_9.txt,15,500,500,branchBound,597,0.000010,N/A
inst_N20_W100_V100_0.txt,20,100,100,dynamicProg,886,0.063238,N/A
inst_N20_W100_V100_0.txt,20,100,100,backtracking,886,0.347317,1780465
inst_N20_W100_V100_0.txt,20,100,100,branchBound,886,0.000046,N/A
inst_N20_W100_V100_1.txt,20,100,100,dynamicProg,854,0.032233,N/A
inst_N20_W100_V100_1.txt,20,100,100,backtracking,854,0.295726,1571191
inst_N20_W100_V100_1.txt,20,100,100,branchBound,842,0.000005,N/A
inst_N20_W100_V100_2.txt,20,100,100,dynamicProg,1063,0.033276,N/A
inst_N20_W100_V100_2.txt,20,100,100,backtracking,1063,0.386046,1938141
inst_N20_W100_V100_2.txt,20,100,100,branchBound,1051,0.000044,N/A
inst_N20_W100_V100_3.txt,20,100,100,dynamicProg,766,0.077708,N/A
inst_N20_W100_V100_3.txt,20,100,100,backtracking,766,0.501590,1762615
inst_N20_W100_V100_3.txt,20,100,100,branchBound,766,0.000030,N/A
inst_N20_W100_V100_4.txt,20,100,100,dynamicProg,860,0.077144,N/A
inst_N20_W100_V100_4.txt,20,100,100,backtracking,860,0.269299,1300579
inst_N20_W100_V100_4.txt,20,100,100,branchBound,860,0.000006,N/A
inst_N20_W100_V100_5.txt,20,100,100,dynamicProg,822,0.083925,N/A
inst_N20_W100_V100_5.txt,20,100,100,backtracking,822,0.329066,1668553
inst_N20_W100_V100_5.txt,20,100,100,branchBound,789,0.000005,N/A
inst_N20_W100_V100_6.txt,20,100,100,dynamicProg,685,0.068215,N/A
inst_N20_W100_V100_6.txt,20,100,100,backtracking,685,0.244843,1302105
inst_N20_W100_V100_6.txt,20,100,100,branchBound,685,0.000065,N/A
inst_N20_W100_V100_7.txt,20,100,100,dynamicProg,788,0.044048,N/A
inst_N20_W100_V100_7.txt,20,100,100,backtracking,788,0.347046,1668851
inst_N20_W100_V100_7.txt,20,100,100,branchBound,788,0.000036,N/A
inst_N20_W100_V100_8.txt,20,100,100,dynamicProg,831,0.036485,N/A
inst_N20_W100_V100_8.txt,20,100,100,backtracking,831,0.332201,1707907
inst_N20_W100_V100_8.txt,20,100,100,branchBound,810,0.000005,N/A
inst_N20_W100_V100_9.txt,20,100,100,dynamicProg,756,0.032118,N/A
inst_N20_W100_V100_9.txt,20,100,100,backtracking,756,0.269191,1426475
inst_N20_W100_V100_9.txt,20,100,100,branchBound,742,0.000009,N/A
inst_N20_W100_V250_0.txt,20,100,250,dynamicProg,777,0.173292,N/A
inst_N20_W100_V250_0.txt,20,100,250,backtracking,777,0.625864,1316427
inst_N20_W100_V250_0.txt,20,100,250,branchBound,699,0.000039,N/A
inst_N20_W100_V250_1.txt,20,100,250,dynamicProg,850,0.064020,N/A
inst_N20_W100_V250_1.txt,20,100,250,backtracking,850,0.304723,1534691
inst_N20_W100_V250_1.txt,20,100,250,branchBound,850,0.000018,N/A
inst_N20_W100_V250_2.txt,20,100,250,dynamicProg,798,0.074357,N/A
inst_N20_W100_V250_2.txt,20,100,250,backtracking,798,0.252525,1956849
inst_N20_W100_V250_2.txt,20,100,250,branchBound,777,0.000005,N/A
inst_N20_W100_V250_3.txt,20,100,250,dynamicProg,710,0.062331,N/A
inst_N20_W100_V250_3.txt,20,100,250,backtracking,710,0.197048,1416563
inst_N20_W100_V250_3.txt,20,100,250,branchBound,684,0.000006,N/A
inst_N20_W100_V250_4.txt,20,100,250,dynamicProg,953,0.052271,N/A
inst_N20_W100_V250_4.txt,20,100,250,backtracking,953,0.241580,1916353
inst_N20_W100_V250_4.txt,20,100,250,branchBound,938,0.000003,N/A
inst_N20_W100_V250_5.txt,20,100,250,dynamicProg,695,0.048666,N/A
inst_N20_W100_V250_5.txt,20,100,250,backtracking,695,0.212639,1587847
inst_N20_W100_V250_5.txt,20,100,250,branchBound,695,0.000021,N/A
inst_N20_W100_V250_6.txt,20,100,250,dynamicProg,806,0.044290,N/A
inst_N20_W100_V250_6.txt,20,100,250,backtracking,806,0.166014,1178875
inst_N20_W100_V250_6.txt,20,100,250,branchBound,806,0.000010,N/A
inst_N20_W100_V250_7.txt,20,100,250,dynamicProg,1039,0.054225,N/A
inst_N20_W100_V250_7.txt,20,100,250,backtracking,1039,0.259691,1911041
inst_N20_W100_V250_7.txt,20,100,250,branchBound,1039,0.000019,N/A
inst_N20_W100_V250_8.txt,20,100,250,dynamicProg,853,0.054635,N/A
inst_N20_W100_V250_8.txt,20,100,250,backtracking,853,0.237371,1835537
inst_N20_W100_V250_8.txt,20,100,250,branchBound,853,0.000017,N/A
inst_N20_W100_V250_9.txt,20,100,250,dynamicProg,817,0.049636,N/A
inst_N20_W100_V250_9.txt,20,100,250,backtracking,817,0.173786,1450661
inst_N20_W100_V250_9.txt,20,100,250,branchBound,817,0.000011,N/A
inst_N20_W100_V500_0.txt,20,100,500,dynamicProg,943,0.102323,N/A
inst_N20_W100_V500_0.txt,20,100,500,backtracking,943,0.212683,1668581
inst_N20_W100_V500_0.txt,20,100,500,branchBound,943,0.000026,N/A
inst_N20_W100_V500_1.txt,20,100,500,dynamicProg,800,0.089805,N/A
inst_N20_W100_V500_1.txt,20,100,500,backtracking,800,0.191315,1548591
inst_N20_W100_V500_1.txt,20,100,500,branchBound,744,0.000007,N/A
inst_N20_W100_V500_2.txt,20,100,500,dynamicProg,825,0.104076,N/A
inst_N20_W100_V500_2.txt,20,100,500,backtracking,825,0.234000,1765353
inst_N20_W100_V500_2.txt,20,100,500,branchBound,825,0.000007,N/A
inst_N20_W100_V500_3.txt,20,100,500,dynamicProg,897,0.102116,N/A
inst_N20_W100_V500_3.txt,20,100,500,backtracking,897,0.246222,1804593
inst_N20_W100_V500_3.txt,20,100,500,branchBound,885,0.000061,N/A
inst_N20_W100_V500_4.txt,20,100,500,dynamicProg,901,0.072848,N/A
inst_N20_W100_V500_4.txt,20,100,500,backtracking,901,0.232170,1813497
inst_N20_W100_V500_4.txt,20,100,500,branchBound,901,0.000004,N/A
inst_N20_W100_V500_5.txt,20,100,500,dynamicProg,895,0.099921,N/A
inst_N20_W100_V500_5.txt,20,100,500,backtracking,895,0.247658,1988459
inst_N20_W100_V500_5.txt,20,100,500,branchBound,895,0.000023,N/A
inst_N20_W100_V500_6.txt,20,100,500,dynamicProg,942,0.088350,N/A
inst_N20_W100_V500_6.txt,20,100,500,backtracking,942,0.219393,1635775
inst_N20_W100_V500_6.txt,20,100,500,branchBound,939,0.000046,N/A
inst_N20_W100_V500_7.txt,20,100,500,dynamicProg,782,0.080299,N/A
inst_N20_W100_V500_7.txt,20,100,500,backtracking,782,0.232682,1632253
inst_N20_W100_V500_7.txt,20,100,500,branchBound,782,0.000028,N/A
inst_N20_W100_V500_8.txt,20,100,500,dynamicProg,851,0.120960,N/A
inst_N20_W100_V500_8.txt,20,100,500,backtracking,851,0.214124,1742809
inst_N20_W100_V500_8.txt,20,100,500,branchBound,822,0.000003,N/A
inst_N20_W100_V500_9.txt,20,100,500,dynamicProg,812,0.089928,N/A
inst_N20_W100_V500_9.txt,20,100,500,backtracking,812,0.179046,1440873
inst_N20_W100_V500_9.txt,20,100,500,branchBound,812,0.000016,N/A
inst_N20_W250_V100_0.txt,20,250,100,dynamicProg,938,0.071192,N/A
inst_N20_W250_V100_0.txt,20,250,100,backtracking,938,0.291432,1912135
inst_N20_W250_V100_0.txt,20,250,100,branchBound,938,0.000020,N/A
inst_N20_W250_V100_1.txt,20,250,100,dynamicProg,1005,0.079129,N/A
inst_N20_W250_V100_1.txt,20,250,100,backtracking,1005,0.394136,1855031
inst_N20_W250_V100_1.txt,20,250,100,branchBound,1005,0.000004,N/A
inst_N20_W250_V100_2.txt,20,250,100,dynamicProg,808,0.085657,N/A
inst_N20_W250_V100_2.txt,20,250,100,backtracking,808,0.265651,1613729
inst_N20_W250_V100_2.txt,20,250,100,branchBound,808,0.000034,N/A
inst_N20_W250_V100_3.txt,20,250,100,dynamicProg,543,0.067061,N/A
inst_N20_W250_V100_3.txt,20,250,100,backtracking,543,0.176554,1079423
inst_N20_W250_V100_3.txt,20,250,100,branchBound,543,0.000024,N/A
inst_N20_W250_V100_4.txt,20,250,100,dynamicProg,871,0.079660,N/A
inst_N20_W250_V100_4.txt,20,250,100,backtracking,871,0.314491,1259103
inst_N20_W250_V100_4.txt,20,250,100,branchBound,791,0.000006,N/A
inst_N20_W250_V100_5.txt,20,250,100,dynamicProg,761,0.101559,N/A
inst_N20_W250_V100_5.txt,20,250,100,backtracking,761,0.324280,1290315
inst_N20_W250_V100_5.txt,20,250,100,branchBound,761,0.000025,N/A
inst_N20_W250_V100_6.txt,20,250,100,dynamicProg,994,0.129474,N/A
inst_N20_W250_V100_6.txt,20,250,100,backtracking,994,0.461344,1886275
inst_N20_W250_V100_6.txt,20,250,100,branchBound,994,0.000036,N/A
inst_N20_W250_V100_7.txt,20,250,100,dynamicProg,770,0.204391,N/A
inst_N20_W250_V100_7.txt,20,250,100,backtracking,770,0.422417,1565435
inst_N20_W250_V100_7.txt,20,250,100,branchBound,750,0.000033,N/A
inst_N20_W250_V100_8.txt,20,250,100,dynamicProg,1031,0.080370,N/A
inst_N20_W250_V100_8.txt,20,250,100,backtracking,1031,0.328607,1905969
inst_N20_W250_V100_8.txt,20,250,100,branchBound,1031,0.000022,N/A
inst_N20_W250_V100_9.txt,20,250,100,dynamicProg,743,0.110212,N/A
inst_N20_W250_V100_9.txt,20,250,100,backtracking,743,0.273354,1540205
inst_N20_W250_V100_9.txt,20,250,100,branchBound,743,0.000012,N/A
inst_N20_W250_V250_0.txt,20,250,250,dynamicProg,1021,0.197453,N/A
inst_N20_W250_V250_0.txt,20,250,250,backtracking,1021,0.325557,1987589
inst_N20_W250_V250_0.txt,20,250,250,branchBound,1021,0.000026,N/A
inst_N20_W250_V250_1.txt,20,250,250,dynamicProg,710,0.237319,N/A
inst_N20_W250_V250_1.txt,20,250,250,backtracking,710,0.306795,1723037
inst_N20_W250_V250_1.txt,20,250,250,branchBound,710,0.000036,N/A
inst_N20_W250_V250_2.txt,20,250,250,dynamicProg,896,0.167142,N/A
inst_N20_W250_V250_2.txt,20,250,250,backtracking,896,0.317384,1687223
inst_N20_W250_V250_2.txt,20,250,250,branchBound,896,0.000016,N/A
inst_N20_W250_V250_3.txt,20,250,250,dynamicProg,991,0.163982,N/A
inst_N20_W250_V250_3.txt,20,250,250,backtracking,991,0.260412,1664459
inst_N20_W250_V250_3.txt,20,250,250,branchBound,991,0.000015,N/A
inst_N20_W250_V250_4.txt,20,250,250,dynamicProg,879,0.136561,N/A
inst_N20_W250_V250_4.txt,20,250,250,backtracking,879,0.248214,1866849
inst_N20_W250_V250_4.txt,20,250,250,branchBound,879,0.000061,N/A
inst_N20_W250_V250_5.txt,20,250,250,dynamicProg,911,0.131203,N/A
inst_N20_W250_V250_5.txt,20,250,250,backtracking,911,0.226952,1651595
inst_N20_W250_V250_5.txt,20,250,250,branchBound,911,0.000090,N/A
inst_N20_W250_V250_6.txt,20,250,250,dynamicProg,900,0.149580,N/A
inst_N20_W250_V250_6.txt,20,250,250,backtracking,900,0.273026,1931917
inst_N20_W250_V250_6.txt,20,250,250,branchBound,900,0.000014,N/A
inst_N20_W250_V250_7.txt,20,250,250,dynamicProg,535,0.112353,N/A
inst_N20_W250_V250_7.txt,20,250,250,backtracking,535,0.177434,1291147
inst_N20_W250_V250_7.txt,20,250,250,branchBound,532,0.000042,N/A
inst_N20_W250_V250_8.txt,20,250,250,dynamicProg,964,0.129146,N/A
inst_N20_W250_V250_8.txt,20,250,250,backtracking,964,0.280813,1894093
inst_N20_W250_V250_8.txt,20,250,250,branchBound,964,0.000021,N/A
inst_N20_W250_V250_9.txt,20,250,250,dynamicProg,792,0.133670,N/A
inst_N20_W250_V250_9.txt,20,250,250,backtracking,792,0.247019,1487723
inst_N20_W250_V250_9.txt,20,250,250,branchBound,781,0.000005,N/A
inst_N20_W250_V500_0.txt,20,250,500,dynamicProg,834,0.303067,N/A
inst_N20_W250_V500_0.txt,20,250,500,backtracking,834,0.223893,1549093
inst_N20_W250_V500_0.txt,20,250,500,branchBound,834,0.000021,N/A
inst_N20_W250_V500_1.txt,20,250,500,dynamicProg,941,0.263939,N/A
inst_N20_W250_V500_1.txt,20,250,500,backtracking,941,0.269087,1891053
inst_N20_W250_V500_1.txt,20,250,500,branchBound,941,0.000025,N/A
inst_N20_W250_V500_2.txt,20,250,500,dynamicProg,1063,0.222400,N/A
inst_N20_W250_V500_2.txt,20,250,500,backtracking,1063,0.266493,2028391
inst_N20_W250_V500_2.txt,20,250,500,branchBound,1063,0.000018,N/A
inst_N20_W250_V500_3.txt,20,250,500,dynamicProg,856,0.214608,N/A
inst_N20_W250_V500_3.txt,20,250,500,backtracking,856,0.217898,1495683
inst_N20_W250_V500_3.txt,20,250,500,branchBound,839,0.000007,N/A
inst_N20_W250_V500_4.txt,20,250,500,dynamicProg,820,0.224988,N/A
inst_N20_W250_V500_4.txt,20,250,500,backtracking,820,0.238472,1624045
inst_N20_W250_V500_4.txt,20,250,500,branchBound,820,0.000024,N/A
inst_N20_W250_V500_5.txt,20,250,500,dynamicProg,848,0.194602,N/A
inst_N20_W250_V500_5.txt,20,250,500,backtracking,848,0.205243,1558755
inst_N20_W250_V500_5.txt,20,250,500,branchBound,848,0.000005,N/A
inst_N20_W250_V500_6.txt,20,250,500,dynamicProg,705,0.223432,N/A
inst_N20_W250_V500_6.txt,20,250,500,backtracking,705,0.187690,1365277
inst_N20_W250_V500_6.txt,20,250,500,branchBound,705,0.000008,N/A
inst_N20_W250_V500_7.txt,20,250,500,dynamicProg,823,0.240957,N/A
inst_N20_W250_V500_7.txt,20,250,500,backtracking,823,0.218485,1624471
inst_N20_W250_V500_7.txt,20,250,500,branchBound,823,0.000041,N/A
inst_N20_W250_V500_8.txt,20,250,500,dynamicProg,830,0.280231,N/A
inst_N20_W250_V500_8.txt,20,250,500,backtracking,830,0.408372,2010215
inst_N20_W250_V500_8.txt,20,250,500,branchBound,830,0.000028,N/A
inst_N20_W250_V500_9.txt,20,250,500,dynamicProg,845,0.314649,N/A
inst_N20_W250_V500_9.txt,20,250,500,backtracking,845,0.371205,1788007
inst_N20_W250_V500_9.txt,20,250,500,branchBound,845,0.000047,N/A
inst_N20_W500_V100_0.txt,20,500,100,dynamicProg,756,0.238795,N/A
inst_N20_W500_V100_0.txt,20,500,100,backtracking,756,0.447991,2050871
inst_N20_W500_V100_0.txt,20,500,100,branchBound,756,0.000031,N/A
inst_N20_W500_V100_1.txt,20,500,100,dynamicProg,942,0.190261,N/A
inst_N20_W500_V100_1.txt,20,500,100,backtracking,942,0.394024,1939337
inst_N20_W500_V100_1.txt,20,500,100,branchBound,937,0.000005,N/A
inst_N20_W500_V100_2.txt,20,500,100,dynamicProg,788,0.154535,N/A
inst_N20_W500_V100_2.txt,20,500,100,backtracking,788,0.354208,1411011
inst_N20_W500_V100_2.txt,20,500,100,branchBound,785,0.000020,N/A
inst_N20_W500_V100_3.txt,20,500,100,dynamicProg,857,0.231734,N/A
inst_N20_W500_V100_3.txt,20,500,100,backtracking,857,0.326233,1558127
inst_N20_W500_V100_3.txt,20,500,100,branchBound,830,0.000118,N/A
inst_N20_W500_V100_4.txt,20,500,100,dynamicProg,838,0.203760,N/A
inst_N20_W500_V100_4.txt,20,500,100,backtracking,838,0.404659,1798563
inst_N20_W500_V100_4.txt,20,500,100,branchBound,838,0.000018,N/A
inst_N20_W500_V100_5.txt,20,500,100,dynamicProg,575,0.157669,N/A
inst_N20_W500_V100_5.txt,20,500,100,backtracking,575,0.403731,1452519
inst_N20_W500_V100_5.txt,20,500,100,branchBound,573,0.000013,N/A
inst_N20_W500_V100_6.txt,20,500,100,dynamicProg,783,0.206468,N/A
inst_N20_W500_V100_6.txt,20,500,100,backtracking,783,0.358158,1411751
inst_N20_W500_V100_6.txt,20,500,100,branchBound,783,0.000024,N/A
inst_N20_W500_V100_7.txt,20,500,100,dynamicProg,999,0.283861,N/A
inst_N20_W500_V100_7.txt,20,500,100,backtracking,999,0.321211,1598853
inst_N20_W500_V100_7.txt,20,500,100,branchBound,899,0.000009,N/A
inst_N20_W500_V100_8.txt,20,500,100,dynamicProg,968,0.325603,N/A
inst_N20_W500_V100_8.txt,20,500,100,backtracking,968,0.345538,1685029
inst_N20_W500_V100_8.txt,20,500,100,branchBound,797,0.000005,N/A
inst_N20_W500_V100_9.txt,20,500,100,dynamicProg,844,0.189206,N/A
inst_N20_W500_V100_9.txt,20,500,100,backtracking,844,0.289159,1710057
inst_N20_W500_V100_9.txt,20,500,100,branchBound,844,0.000020,N/A
inst_N20_W500_V250_0.txt,20,500,250,dynamicProg,974,0.377161,N/A
inst_N20_W500_V250_0.txt,20,500,250,backtracking,974,0.347167,1905217
inst_N20_W500_V250_0.txt,20,500,250,branchBound,974,0.000036,N/A
inst_N20_W500_V250_1.txt,20,500,250,dynamicProg,820,0.329536,N/A
inst_N20_W500_V250_1.txt,20,500,250,backtracking,820,0.276400,1553913
inst_N20_W500_V250_1.txt,20,500,250,branchBound,820,0.000032,N/A
inst_N20_W500_V250_2.txt,20,500,250,dynamicProg,997,0.389415,N/A
inst_N20_W500_V250_2.txt,20,500,250,backtracking,997,0.272429,1791197
inst_N20_W500_V250_2.txt,20,500,250,branchBound,997,0.000004,N/A
inst_N20_W500_V250_3.txt,20,500,250,dynamicProg,916,0.314623,N/A
inst_N20_W500_V250_3.txt,20,500,250,backtracking,916,0.255722,1671325
inst_N20_W500_V250_3.txt,20,500,250,branchBound,916,0.000020,N/A
inst_N20_W500_V250_4.txt,20,500,250,dynamicProg,648,0.385106,N/A
inst_N20_W500_V250_4.txt,20,500,250,backtracking,648,0.306329,1611951
inst_N20_W500_V250_4.txt,20,500,250,branchBound,630,0.000033,N/A
inst_N20_W500_V250_5.txt,20,500,250,dynamicProg,673,0.521695,N/A
inst_N20_W500_V250_5.txt,20,500,250,backtracking,673,0.339803,1719035
inst_N20_W500_V250_5.txt,20,500,250,branchBound,673,0.000031,N/A
inst_N20_W500_V250_6.txt,20,500,250,dynamicProg,734,0.340545,N/A
inst_N20_W500_V250_6.txt,20,500,250,backtracking,734,0.247218,1597843
inst_N20_W500_V250_6.txt,20,500,250,branchBound,734,0.000016,N/A
inst_N20_W500_V250_7.txt,20,500,250,dynamicProg,795,0.257335,N/A
inst_N20_W500_V250_7.txt,20,500,250,backtracking,795,0.223925,1736355
inst_N20_W500_V250_7.txt,20,500,250,branchBound,788,0.000030,N/A
inst_N20_W500_V250_8.txt,20,500,250,dynamicProg,858,0.262365,N/A
inst_N20_W500_V250_8.txt,20,500,250,backtracking,858,0.241325,1738175
inst_N20_W500_V250_8.txt,20,500,250,branchBound,857,0.000003,N/A
inst_N20_W500_V250_9.txt,20,500,250,dynamicProg,772,0.306205,N/A
inst_N20_W500_V250_9.txt,20,500,250,backtracking,772,0.250885,1780419
inst_N20_W500_V250_9.txt,20,500,250,branchBound,772,0.000060,N/A
inst_N20_W500_V500_0.txt,20,500,500,dynamicProg,711,0.710572,N/A
inst_N20_W500_V500_0.txt,20,500,500,backtracking,711,0.314880,1582351
inst_N20_W500_V500_0.txt,20,500,500,branchBound,697,0.000006,N/A
inst_N20_W500_V500_1.txt,20,500,500,dynamicProg,875,0.870803,N/A
inst_N20_W500_V500_1.txt,20,500,500,backtracking,875,0.361688,1665001
inst_N20_W500_V500_1.txt,20,500,500,branchBound,869,0.000037,N/A
inst_N20_W500_V500_2.txt,20,500,500,dynamicProg,909,0.723132,N/A
inst_N20_W500_V500_2.txt,20,500,500,backtracking,909,0.268324,1459547
inst_N20_W500_V500_2.txt,20,500,500,branchBound,909,0.000035,N/A
inst_N20_W500_V500_3.txt,20,500,500,dynamicProg,826,0.863666,N/A
inst_N20_W500_V500_3.txt,20,500,500,backtracking,826,0.281342,1593745
inst_N20_W500_V500_3.txt,20,500,500,branchBound,824,0.000005,N/A
inst_N20_W500_V500_4.txt,20,500,500,dynamicProg,941,0.602843,N/A
inst_N20_W500_V500_4.txt,20,500,500,backtracking,941,0.287869,1827681
inst_N20_W500_V500_4.txt,20,500,500,branchBound,941,0.000035,N/A
inst_N20_W500_V500_5.txt,20,500,500,dynamicProg,854,0.462286,N/A
inst_N20_W500_V500_5.txt,20,500,500,backtracking,854,0.261298,1559349
inst_N20_W500_V500_5.txt,20,500,500,branchBound,854,0.000040,N/A
inst_N20_W500_V500_6.txt,20,500,500,dynamicProg,986,0.517440,N/A
inst_N20_W500_V500_6.txt,20,500,500,backtracking,986,0.311739,2001705
inst_N20_W500_V500_6.txt,20,500,500,branchBound,986,0.000030,N/A
inst_N20_W500_V500_7.txt,20,500,500,dynamicProg,909,0.466686,N/A
inst_N20_W500_V500_7.txt,20,500,500,backtracking,909,0.216413,1474447
inst_N20_W500_V500_7.txt,20,500,500,branchBound,909,0.000035,N/A
inst_N20_W500_V500_8.txt,20,500,500,dynamicProg,1066,0.524850,N/A
inst_N20_W500_V500_8.txt,20,500,500,backtracking,1066,0.251719,1909387
inst_N20_W500_V500_8.txt,20,500,500,branchBound,1031,0.000005,N/A
inst_N20_W500_V500_9.txt,20,500,500,dynamicProg,726,0.395103,N/A
inst_N20_W500_V500_9.txt,20,500,500,backtracking,726,0.211808,1564679
inst_N20_W500_V500_9.txt,20,500,500,branchBound,726,0.000006,N/A
inst_N25_W100_V100_0.txt,25,100,100,dynamicProg,1234,0.038088,N/A
inst_N25_W100_V100_0.txt,25,100,100,backtracking,TIMEOUT,2.0,TIMEOUT
inst_N25_W100_V100_0.txt,25,100,100,branchBound,1234,0.000038,N/A
inst_N25_W100_V100_1.txt,25,100,100,dynamicProg,1081,0.026236,N/A
inst_N25_W100_V100_1.txt,25,100,100,backtracking,TIMEOUT,2.0,TIMEOUT
inst_N25_W100_V100_1.txt,25,100,100,branchBound,1081,0.000040,N/A
inst_N25_W100_V100_2.txt,25,100,100,dynamicProg,1007,0.030853,N/A
inst_N25_W100_V100_2.txt,25,100,100,backtracking,TIMEOUT,2.0,TIMEOUT
inst_N25_W100_V100_2.txt,25,100,100,branchBound,1007,0.000024,N/A
inst_N25_W100_V100_3.txt,25,100,100,dynamicProg,958,0.031093,N/A
inst_N25_W100_V100_3.txt,25,100,100,backtracking,TIMEOUT,2.0,TIMEOUT
inst_N25_W100_V100_3.txt,25,100,100,branchBound,949,0.000033,N/A
inst_N25_W100_V100_4.txt,25,100,100,dynamicProg,993,0.029926,N/A
inst_N25_W100_V100_4.txt,25,100,100,backtracking,TIMEOUT,2.0,TIMEOUT
inst_N25_W100_V100_4.txt,25,100,100,branchBound,963,0.000005,N/A
inst_N25_W100_V100_5.txt,25,100,100,dynamicProg,955,0.029733,N/A
inst_N25_W100_V100_5.txt,25,100,100,backtracking,TIMEOUT,2.0,TIMEOUT
inst_N25_W100_V100_5.txt,25,100,100,branchBound,955,0.000012,N/A
inst_N25_W100_V100_6.txt,25,100,100,dynamicProg,889,0.045094,N/A
inst_N25_W100_V100_6.txt,25,100,100,backtracking,TIMEOUT,2.0,TIMEOUT
inst_N25_W100_V100_6.txt,25,100,100,branchBound,889,0.000045,N/A
inst_N25_W100_V100_7.txt,25,100,100,dynamicProg,905,0.068726,N/A
inst_N25_W100_V100_7.txt,25,100,100,backtracking,TIMEOUT,2.0,TIMEOUT
inst_N25_W100_V100_7.txt,25,100,100,branchBound,905,0.000005,N/A
inst_N25_W100_V100_8.txt,25,100,100,dynamicProg,1082,0.104726,N/A
inst_N25_W100_V100_8.txt,25,100,100,backtracking,TIMEOUT,2.0,TIMEOUT
inst_N25_W100_V100_8.txt,25,100,100,branchBound,1069,0.000009,N/A
inst_N25_W100_V100_9.txt,25,100,100,dynamicProg,896,0.043105,N/A
inst_N25_W100_V100_9.txt,25,100,100,backtracking,TIMEOUT,2.0,TIMEOUT
inst_N25_W100_V100_9.txt,25,100,100,branchBound,887,0.000013,N/A
inst_N25_W100_V250_0.txt,25,100,250,dynamicProg,955,0.117946,N/A
inst_N25_W100_V250_0.txt,25,100,250,backtracking,TIMEOUT,2.0,TIMEOUT
inst_N25_W100_V250_0.txt,25,100,250,branchBound,955,0.000033,N/A
inst_N25_W100_V250_1.txt,25,100,250,dynamicProg,1008,0.112768,N/A
inst_N25_W100_V250_1.txt,25,100,250,backtracking,TIMEOUT,2.0,TIMEOUT
inst_N25_W100_V250_1.txt,25,100,250,branchBound,977,0.000045,N/A
inst_N25_W100_V250_2.txt,25,100,250,dynamicProg,969,0.095774,N/A
inst_N25_W100_V250_2.txt,25,100,250,backtracking,TIMEOUT,2.0,TIMEOUT
inst_N25_W100_V250_2.txt,25,100,250,branchBound,946,0.000006,N/A
inst_N25_W100_V250_3.txt,25,100,250,dynamicProg,1146,0.117424,N/A
inst_N25_W100_V250_3.txt,25,100,250,backtracking,TIMEOUT,2.0,TIMEOUT
inst_N25_W100_V250_3.txt,25,100,250,branchBound,1146,0.000045,N/A
inst_N25_W100_V250_4.txt,25,100,250,dynamicProg,1007,0.129776,N/A
inst_N25_W100_V250_4.txt,25,100,250,backtracking,TIMEOUT,2.0,TIMEOUT
inst_N25_W100_V250_4.txt,25,100,250,branchBound,1007,0.000017,N/A
inst_N25_W100_V250_5.txt,25,100,250,dynamicProg,1141,0.117720,N/A
inst_N25_W100_V250_5.txt,25,100,250,backtracking,TIMEOUT,2.0,TIMEOUT
inst_N25_W100_V250_5.txt,25,100,250,branchBound,1141,0.000022,N/A
inst_N25_W100_V250_6.txt,25,100,250,dynamicProg,1041,0.089605,N/A
inst_N25_W100_V250_6.txt,25,100,250,backtracking,TIMEOUT,2.0,TIMEOUT
inst_N25_W100_V250_6.txt,25,100,250,branchBound,1025,0.000006,N/A
inst_N25_W100_V250_7.txt,25,100,250,dynamicProg,1163,0.075470,N/A
inst_N25_W100_V250_7.txt,25,100,250,backtracking,TIMEOUT,2.0,TIMEOUT
inst_N25_W100_V250_7.txt,25,100,250,branchBound,1163,0.000048,N/A
inst_N25_W100_V250_8.txt,25,100,250,dynamicProg,982,0.059795,N/A
inst_N25_W100_V250_8.txt,25,100,250,backtracking,TIMEOUT,2.0,TIMEOUT
inst_N25_W100_V250_8.txt,25,100,250,branchBound,982,0.000051,N/A
inst_N25_W100_V250_9.txt,25,100,250,dynamicProg,1110,0.072640,N/A
inst_N25_W100_V250_9.txt,25,100,250,backtracking,TIMEOUT,2.0,TIMEOUT
inst_N25_W100_V250_9.txt,25,100,250,branchBound,1081,0.000006,N/A
inst_N25_W100_V500_0.txt,25,100,500,dynamicProg,1048,0.143314,N/A
inst_N25_W100_V500_0.txt,25,100,500,backtracking,TIMEOUT,2.0,TIMEOUT
inst_N25_W100_V500_0.txt,25,100,500,branchBound,1046,0.000046,N/A
inst_N25_W100_V500_1.txt,25,100,500,dynamicProg,1156,0.174744,N/A
inst_N25_W100_V500_1.txt,25,100,500,backtracking,TIMEOUT,2.0,TIMEOUT
inst_N25_W100_V500_1.txt,25,100,500,branchBound,1156,0.000056,N/A
inst_N25_W100_V500_2.txt,25,100,500,dynamicProg,988,0.212301,N/A
inst_N25_W100_V500_2.txt,25,100,500,backtracking,TIMEOUT,2.0,TIMEOUT
inst_N25_W100_V500_2.txt,25,100,500,branchBound,988,0.000044,N/A
inst_N25_W100_V500_3.txt,25,100,500,dynamicProg,1246,0.222743,N/A
inst_N25_W100_V500_3.txt,25,100,500,backtracking,TIMEOUT,2.0,TIMEOUT
inst_N25_W100_V500_3.txt,25,100,500,branchBound,1246,0.000050,N/A
inst_N25_W100_V500_4.txt,25,100,500,dynamicProg,811,0.152002,N/A
inst_N25_W100_V500_4.txt,25,100,500,backtracking,TIMEOUT,2.0,TIMEOUT
inst_N25_W100_V500_4.txt,25,100,500,branchBound,764,0.000027,N/A
inst_N25_W100_V500_5.txt,25,100,500,dynamicProg,945,0.278364,N/A
inst_N25_W100_V500_5.txt,25,100,500,backtracking,TIMEOUT,2.0,TIMEOUT
inst_N25_W100_V500_5.txt,25,100,500,branchBound,929,0.000039,N/A
inst_N25_W100_V500_6.txt,25,100,500,dynamicProg,1147,0.200351,N/A
inst_N25_W100_V500_6.txt,25,100,500,backtracking,TIMEOUT,2.0,TIMEOUT
inst_N25_W100_V500_6.txt,25,100,500,branchBound,1099,0.000052,N/A
inst_N25_W100_V500_7.txt,25,100,500,dynamicProg,903,0.189745,N/A
inst_N25_W100_V500_7.txt,25,100,500,backtracking,TIMEOUT,2.0,TIMEOUT
inst_N25_W100_V500_7.txt,25,100,500,branchBound,903,0.000020,N/A
inst_N25_W100_V500_8.txt,25,100,500,dynamicProg,852,0.184199,N/A
inst_N25_W100_V500_8.txt,25,100,500,backtracking,TIMEOUT,2.0,TIMEOUT
inst_N25_W100_V500_8.txt,25,100,500,branchBound,852,0.000004,N/A
inst_N25_W100_V500_9.txt,25,100,500,dynamicProg,961,0.179170,N/A
inst_N25_W100_V500_9.txt,25,100,500,backtracking,TIMEOUT,2.0,TIMEOUT
inst_N25_W100_V500_9.txt,25,100,500,branchBound,821,0.000006,N/A
inst_N25_W250_V100_0.txt,25,250,100,dynamicProg,1019,0.114283,N/A
inst_N25_W250_V100_0.txt,25,250,100,backtracking,TIMEOUT,2.0,TIMEOUT
inst_N25_W250_V100_0.txt,25,250,100,branchBound,893,0.000005,N/A
inst_N25_W250_V100_1.txt,25,250,100,dynamicProg,1022,0.102831,N/A
inst_N25_W250_V100_1.txt,25,250,100,backtracking,TIMEOUT,2.0,TIMEOUT
inst_N25_W250_V100_1.txt,25,250,100,branchBound,953,0.000004,N/A
inst_N25_W250_V100_2.txt,25,250,100,dynamicProg,1005,0.077316,N/A
inst_N25_W250_V100_2.txt,25,250,100,backtracking,TIMEOUT,2.0,TIMEOUT
inst_N25_W250_V100_2.txt,25,250,100,branchBound,1005,0.000026,N/A
inst_N25_W250_V100_3.txt,25,250,100,dynamicProg,1143,0.065665,N/A
inst_N25_W250_V100_3.txt,25,250,100,backtracking,TIMEOUT,2.0,TIMEOUT
inst_N25_W250_V100_3.txt,25,250,100,branchBound,1119,0.000014,N/A
inst_N25_W250_V100_4.txt,25,250,100,dynamicProg,1048,0.109803,N/A
inst_N25_W250_V100_4.txt,25,250,100,backtracking,TIMEOUT,2.0,TIMEOUT
inst_N25_W250_V100_4.txt,25,250,100,branchBound,993,0.000006,N/A
inst_N25_W250_V100_5.txt,25,250,100,dynamicProg,874,0.080694,N/A
inst_N25_W250_V100_5.txt,25,250,100,backtracking,TIMEOUT,2.0,TIMEOUT
inst_N25_W250_V100_5.txt,25,250,100,branchBound,874,0.000019,N/A
inst_N25_W250_V100_6.txt,25,250,100,dynamicProg,1003,0.085297,N/A
inst_N25_W250_V100_6.txt,25,250,100,backtracking,TIMEOUT,2.0,TIMEOUT
inst_N25_W250_V100_6.txt,25,250,100,branchBound,1003,0.000035,N/A
inst_N25_W250_V100_7.txt,25,250,100,dynamicProg,1065,0.080884,N/A
inst_N25_W250_V100_7.txt,25,250,100,backtracking,TIMEOUT,2.0,TIMEOUT
inst_N25_W250_V100_7.txt,25,250,100,branchBound,977,0.000011,N/A
inst_N25_W250_V100_8.txt,25,250,100,dynamicProg,882,0.091865,N/A
inst_N25_W250_V100_8.txt,25,250,100,backtracking,TIMEOUT,2.0,TIMEOUT
inst_N25_W250_V100_8.txt,25,250,100,branchBound,876,0.000051,N/A
inst_N25_W250_V100_9.txt,25,250,100,dynamicProg,918,0.096973,N/A
inst_N25_W250_V100_9.txt,25,250,100,backtracking,TIMEOUT,2.0,TIMEOUT
inst_N25_W250_V100_9.txt,25,250,100,branchBound,861,0.000007,N/A
inst_N25_W250_V250_0.txt,25,250,250,dynamicProg,1067,0.234807,N/A
inst_N25_W250_V250_0.txt,25,250,250,backtracking,TIMEOUT,2.0,TIMEOUT
inst_N25_W250_V250_0.txt,25,250,250,branchBound,1067,0.000041,N/A
inst_N25_W250_V250_1.txt,25,250,250,dynamicProg,1039,0.284103,N/A
inst_N25_W250_V250_1.txt,25,250,250,backtracking,TIMEOUT,2.0,TIMEOUT
inst_N25_W250_V250_1.txt,25,250,250,branchBound,1039,0.000021,N/A
inst_N25_W250_V250_2.txt,25,250,250,dynamicProg,998,0.223438,N/A
inst_N25_W250_V250_2.txt,25,250,250,backtracking,TIMEOUT,2.0,TIMEOUT
inst_N25_W250_V250_2.txt,25,250,250,branchBound,998,0.000037,N/A
inst_N25_W250_V250_3.txt,25,250,250,dynamicProg,988,0.222617,N/A
inst_N25_W250_V250_3.txt,25,250,250,backtracking,TIMEOUT,2.0,TIMEOUT
inst_N25_W250_V250_3.txt,25,250,250,branchBound,988,0.000048,N/A
inst_N25_W250_V250_4.txt,25,250,250,dynamicProg,1179,0.258833,N/A
inst_N25_W250_V250_4.txt,25,250,250,backtracking,TIMEOUT,2.0,TIMEOUT
inst_N25_W250_V250_4.txt,25,250,250,branchBound,1179,0.000022,N/A
inst_N25_W250_V250_5.txt,25,250,250,dynamicProg,1169,0.350521,N/A
inst_N25_W250_V250_5.txt,25,250,250,backtracking,TIMEOUT,2.0,TIMEOUT
inst_N25_W250_V250_5.txt,25,250,250,branchBound,1167,0.000112,N/A
inst_N25_W250_V250_6.txt,25,250,250,dynamicProg,857,0.201275,N/A
inst_N25_W250_V250_6.txt,25,250,250,backtracking,TIMEOUT,2.0,TIMEOUT
inst_N25_W250_V250_6.txt,25,250,250,branchBound,857,0.000028,N/A
inst_N25_W250_V250_7.txt,25,250,250,dynamicProg,1119,0.230988,N/A
inst_N25_W250_V250_7.txt,25,250,250,backtracking,TIMEOUT,2.0,TIMEOUT
inst_N25_W250_V250_7.txt,25,250,250,branchBound,1119,0.000043,N/A
inst_N25_W250_V250_8.txt,25,250,250,dynamicProg,1039,0.178299,N/A
inst_N25_W250_V250_8.txt,25,250,250,backtracking,TIMEOUT,2.0,TIMEOUT
inst_N25_W250_V250_8.txt,25,250,250,branchBound,1039,0.000051,N/A
inst_N25_W250_V250_9.txt,25,250,250,dynamicProg,910,0.200034,N/A
inst_N25_W250_V250_9.txt,25,250,250,backtracking,TIMEOUT,2.0,TIMEOUT
inst_N25_W250_V250_9.txt,25,250,250,branchBound,897,0.000004,N/A
inst_N25_W250_V500_0.txt,25,250,500,dynamicProg,977,0.317620,N/A
inst_N25_W250_V500_0.txt,25,250,500,backtracking,TIMEOUT,2.0,TIMEOUT
inst_N25_W250_V500_0.txt,25,250,500,branchBound,977,0.000035,N/A
inst_N25_W250_V500_1.txt,25,250,500,dynamicProg,1016,0.322092,N/A
inst_N25_W250_V500_1.txt,25,250,500,backtracking,TIMEOUT,2.0,TIMEOUT
inst_N25_W250_V500_1.txt,25,250,500,branchBound,1016,0.000035,N/A
inst_N25_W250_V500_2.txt,25,250,500,dynamicProg,1057,0.323992,N/A
inst_N25_W250_V500_2.txt,25,250,500,backtracking,TIMEOUT,2.0,TIMEOUT
inst_N25_W250_V500_2.txt,25,250,500,branchBound,1057,0.000004,N/A
inst_N25_W250_V500_3.txt,25,250,500,dynamicProg,1031,0.338669,N/A
inst_N25_W250_V500_3.txt,25,250,500,backtracking,TIMEOUT,2.0,TIMEOUT
inst_N25_W250_V500_3.txt,25,250,500,branchBound,1031,0.000066,N/A
inst_N25_W250_V500_4.txt,25,250,500,dynamicProg,1093,0.391004,N/A
inst_N25_W250_V500_4.txt,25,250,500,backtracking,TIMEOUT,2.0,TIMEOUT
inst_N25_W250_V500_4.txt,25,250,500,branchBound,1090,0.000059,N/A
inst_N25_W250_V500_5.txt,25,250,500,dynamicProg,904,0.362188,N/A
inst_N25_W250_V500_5.txt,25,250,500,backtracking,TIMEOUT,2.0,TIMEOUT
inst_N25_W250_V500_5.txt,25,250,500,branchBound,854,0.000006,N/A
inst_N25_W250_V500_6.txt,25,250,500,dynamicProg,1001,0.318987,N/A
inst_N25_W250_V500_6.txt,25,250,500,backtracking,TIMEOUT,2.0,TIMEOUT
inst_N25_W250_V500_6.txt,25,250,500,branchBound,998,0.000043,N/A
inst_N25_W250_V500_7.txt,25,250,500,dynamicProg,1078,0.304679,N/A
inst_N25_W250_V500_7.txt,25,250,500,backtracking,TIMEOUT,2.0,TIMEOUT
inst_N25_W250_V500_7.txt,25,250,500,branchBound,1035,0.000033,N/A
inst_N25_W250_V500_8.txt,25,250,500,dynamicProg,971,0.324498,N/A
inst_N25_W250_V500_8.txt,25,250,500,backtracking,TIMEOUT,2.0,TIMEOUT
inst_N25_W250_V500_8.txt,25,250,500,branchBound,946,0.000007,N/A
inst_N25_W250_V500_9.txt,25,250,500,dynamicProg,1090,0.342013,N/A
inst_N25_W250_V500_9.txt,25,250,500,backtracking,TIMEOUT,2.0,TIMEOUT
inst_N25_W250_V500_9.txt,25,250,500,branchBound,1082,0.000004,N/A
inst_N25_W500_V100_0.txt,25,500,100,dynamicProg,1080,0.192079,N/A
inst_N25_W500_V100_0.txt,25,500,100,backtracking,TIMEOUT,2.0,TIMEOUT
inst_N25_W500_V100_0.txt,25,500,100,branchBound,944,0.000008,N/A
inst_N25_W500_V100_1.txt,25,500,100,dynamicProg,930,0.218153,N/A
inst_N25_W500_V100_1.txt,25,500,100,backtracking,TIMEOUT,2.0,TIMEOUT
inst_N25_W500_V100_1.txt,25,500,100,branchBound,930,0.000056,N/A
inst_N25_W500_V100_2.txt,25,500,100,dynamicProg,1210,0.288727,N/A
inst_N25_W500_V100_2.txt,25,500,100,backtracking,TIMEOUT,2.0,TIMEOUT
inst_N25_W500_V100_2.txt,25,500,100,branchBound,1172,0.000006,N/A
inst_N25_W500_V100_3.txt,25,500,100,dynamicProg,1055,0.226620,N/A
inst_N25_W500_V100_3.txt,25,500,100,backtracking,TIMEOUT,2.0,TIMEOUT
inst_N25_W500_V100_3.txt,25,500,100,branchBound,1007,0.000011,N/A
inst_N25_W500_V100_4.txt,25,500,100,dynamicProg,1158,0.235423,N/A
inst_N25_W500_V100_4.txt,25,500,100,backtracking,TIMEOUT,2.0,TIMEOUT
inst_N25_W500_V100_4.txt,25,500,100,branchBound,1158,0.000006,N/A
inst_N25_W500_V100_5.txt,25,500,100,dynamicProg,984,0.219661,N/A
inst_N25_W500_V100_5.txt,25,500,100,backtracking,TIMEOUT,2.0,TIMEOUT
inst_N25_W500_V100_5.txt,25,500,100,branchBound,981,0.000100,N/A
inst_N25_W500_V100_6.txt,25,500,100,dynamicProg,972,0.219721,N/A
inst_N25_W500_V100_6.txt,25,500,100,backtracking,TIMEOUT,2.0,TIMEOUT
inst_N25_W500_V100_6.txt,25,500,100,branchBound,937,0.000078,N/A
inst_N25_W500_V100_7.txt,25,500,100,dynamicProg,862,0.202027,N/A
inst_N25_W500_V100_7.txt,25,500,100,backtracking,TIMEOUT,2.0,TIMEOUT
inst_N25_W500_V100_7.txt,25,500,100,branchBound,705,0.000005,N/A
inst_N25_W500_V100_8.txt,25,500,100,dynamicProg,1117,0.256339,N/A
inst_N25_W500_V100_8.txt,25,500,100,backtracking,TIMEOUT,2.0,TIMEOUT
inst_N25_W500_V100_8.txt,25,500,100,branchBound,1117,0.000078,N/A
inst_N25_W500_V100_9.txt,25,500,100,dynamicProg,1137,0.226030,N/A
inst_N25_W500_V100_9.txt,25,500,100,backtracking,TIMEOUT,2.0,TIMEOUT
inst_N25_W500_V100_9.txt,25,500,100,branchBound,1137,0.000067,N/A
inst_N25_W500_V250_0.txt,25,500,250,dynamicProg,934,0.491858,N/A
inst_N25_W500_V250_0.txt,25,500,250,backtracking,TIMEOUT,2.0,TIMEOUT
inst_N25_W500_V250_0.txt,25,500,250,branchBound,928,0.000035,N/A
inst_N25_W500_V250_1.txt,25,500,250,dynamicProg,1286,0.489608,N/A
inst_N25_W500_V250_1.txt,25,500,250,backtracking,TIMEOUT,2.0,TIMEOUT
inst_N25_W500_V250_1.txt,25,500,250,branchBound,1286,0.000040,N/A
inst_N25_W500_V250_2.txt,25,500,250,dynamicProg,1009,0.407972,N/A
inst_N25_W500_V250_2.txt,25,500,250,backtracking,TIMEOUT,2.0,TIMEOUT
inst_N25_W500_V250_2.txt,25,500,250,branchBound,1009,0.000083,N/A
inst_N25_W500_V250_3.txt,25,500,250,dynamicProg,1195,0.443314,N/A
inst_N25_W500_V250_3.txt,25,500,250,backtracking,TIMEOUT,2.0,TIMEOUT
inst_N25_W500_V250_3.txt,25,500,250,branchBound,1195,0.000059,N/A
inst_N25_W500_V250_4.txt,25,500,250,dynamicProg,1033,0.371814,N/A
inst_N25_W500_V250_4.txt,25,500,250,backtracking,TIMEOUT,2.0,TIMEOUT
inst_N25_W500_V250_4.txt,25,500,250,branchBound,1033,0.000016,N/A
inst_N25_W500_V250_5.txt,25,500,250,dynamicProg,1156,0.400521,N/A
inst_N25_W500_V250_5.txt,25,500,250,backtracking,TIMEOUT,2.0,TIMEOUT
inst_N25_W500_V250_5.txt,25,500,250,branchBound,1156,0.000039,N/A
inst_N25_W500_V250_6.txt,25,500,250,dynamicProg,1028,0.377714,N/A
inst_N25_W500_V250_6.txt,25,500,250,backtracking,TIMEOUT,2.0,TIMEOUT
inst_N25_W500_V250_6.txt,25,500,250,branchBound,956,0.000010,N/A
inst_N25_W500_V250_7.txt,25,500,250,dynamicProg,933,0.383713,N/A
inst_N25_W500_V250_7.txt,25,500,250,backtracking,TIMEOUT,2.0,TIMEOUT
inst_N25_W500_V250_7.txt,25,500,250,branchBound,933,0.000017,N/A
inst_N25_W500_V250_8.txt,25,500,250,dynamicProg,949,0.410361,N/A
inst_N25_W500_V250_8.txt,25,500,250,backtracking,TIMEOUT,2.0,TIMEOUT
inst_N25_W500_V250_8.txt,25,500,250,branchBound,881,0.000004,N/A
inst_N25_W500_V250_9.txt,25,500,250,dynamicProg,1170,0.368898,N/A
inst_N25_W500_V250_9.txt,25,500,250,backtracking,TIMEOUT,2.0,TIMEOUT
inst_N25_W500_V250_9.txt,25,500,250,branchBound,1135,0.000030,N/A
inst_N25_W500_V500_0.txt,25,500,500,dynamicProg,1237,0.671362,N/A
inst_N25_W500_V500_0.txt,25,500,500,backtracking,TIMEOUT,2.0,TIMEOUT
inst_N25_W500_V500_0.txt,25,500,500,branchBound,1227,0.000006,N/A
inst_N25_W500_V500_1.txt,25,500,500,dynamicProg,944,0.574247,N/A
inst_N25_W500_V500_1.txt,25,500,500,backtracking,TIMEOUT,2.0,TIMEOUT
inst_N25_W500_V500_1.txt,25,500,500,branchBound,944,0.000026,N/A
inst_N25_W500_V500_2.txt,25,500,500,dynamicProg,899,0.753447,N/A
inst_N25_W500_V500_2.txt,25,500,500,backtracking,TIMEOUT,2.0,TIMEOUT
inst_N25_W500_V500_2.txt,25,500,500,branchBound,843,0.000011,N/A
inst_N25_W500_V500_3.txt,25,500,500,dynamicProg,1041,0.667333,N/A
inst_N25_W500_V500_3.txt,25,500,500,backtracking,TIMEOUT,2.0,TIMEOUT
inst_N25_W500_V500_3.txt,25,500,500,branchBound,1000,0.000004,N/A
inst_N25_W500_V500_4.txt,25,500,500,dynamicProg,913,0.682500,N/A
inst_N25_W500_V500_4.txt,25,500,500,backtracking,TIMEOUT,2.0,TIMEOUT
inst_N25_W500_V500_4.txt,25,500,500,branchBound,913,0.000066,N/A
inst_N25_W500_V500_5.txt,25,500,500,dynamicProg,997,0.704285,N/A
inst_N25_W500_V500_5.txt,25,500,500,backtracking,TIMEOUT,2.0,TIMEOUT
inst_N25_W500_V500_5.txt,25,500,500,branchBound,997,0.000170,N/A
inst_N25_W500_V500_6.txt,25,500,500,dynamicProg,1127,0.950189,N/A
inst_N25_W500_V500_6.txt,25,500,500,backtracking,TIMEOUT,2.0,TIMEOUT
inst_N25_W500_V500_6.txt,25,500,500,branchBound,1127,0.000069,N/A
inst_N25_W500_V500_7.txt,25,500,500,dynamicProg,789,0.861293,N/A
inst_N25_W500_V500_7.txt,25,500,500,backtracking,TIMEOUT,2.0,TIMEOUT
inst_N25_W500_V500_7.txt,25,500,500,branchBound,788,0.000050,N/A
inst_N25_W500_V500_8.txt,25,500,500,dynamicProg,939,0.956532,N/A
inst_N25_W500_V500_8.txt,25,500,500,backtracking,TIMEOUT,2.0,TIMEOUT
inst_N25_W500_V500_8.txt,25,500,500,branchBound,939,0.000054,N/A
inst_N25_W500_V500_9.txt,25,500,500,dynamicProg,870,0.938304,N/A
inst_N25_W500_V500_9.txt,25,500,500,backtracking,TIMEOUT,2.0,TIMEOUT
inst_N25_W500_V500_9.txt,25,500,500,branchBound,852,0.000006,N/A
